/*
Date: 2017-12-26 18:36:12
*/

CREATE DATABASE `vueblog2` DEFAULT CHARACTER SET utf8;

USE `vueblog2`;

SET FOREIGN_KEY_CHECKS=0;

-- ----------------------------
-- Table structure for article
-- ----------------------------
DROP TABLE IF EXISTS `article`;
CREATE TABLE `article` (
  `id` int(11) NOT NULL AUTO_INCREMENT,
  `title` varchar(255) DEFAULT NULL,
  `mdContent` text COMMENT 'md文件源碼',
  `htmlContent` text COMMENT 'html源碼',
  `summary` text,
  `cid` int(11) DEFAULT NULL,
  `uid` int(11) DEFAULT NULL,
  `publishDate` datetime DEFAULT NULL,
  `editTime` datetime DEFAULT NULL,
  `state` int(11) DEFAULT NULL COMMENT '0表示草稿箱，1表示已發表，2表示已刪除',
  `pageView` int(11) DEFAULT '0',
  PRIMARY KEY (`id`),
  KEY `cid` (`cid`),
  KEY `uid` (`uid`),
  CONSTRAINT `article_ibfk_1` FOREIGN KEY (`cid`) REFERENCES `category` (`id`),
  CONSTRAINT `article_ibfk_2` FOREIGN KEY (`uid`) REFERENCES `user` (`id`)
) ENGINE=InnoDB AUTO_INCREMENT=122 DEFAULT CHARSET=utf8;

-- ----------------------------
-- Records of article
-- ----------------------------
INSERT INTO `article` VALUES ('108', 'Linux中安裝zookeeper', '最近打算出一個系列，介紹Dubbo的使用。\n\n---\n分散式應用現在已經越來越廣泛，Spring Could也是一個不錯的一站式解決方案，不過據我瞭解國內目前貌似使用阿裡Dubbo的公司比較多，一方面這個框架也確實很OK，另一方面可能也是因為Dubbo的中文文檔比較全的緣故，據Dubbo官網上的消息，阿裡已經重新開始了對Dubbo的維護，這也算是使用Dubbo的互聯網公司的福音了吧。OK，廢話不多說，今天我們就先來看看如何在Linux上安裝zookeeper。\n\n---\n\n瞭解過Dubbo的小夥伴都知道，Dubbo官方建議我們使用的註冊中心就是zookeeper，zookeeper本來是Hadoop的一個子項目，現在發展成了Apache的頂級項目，看名字就知道Zookeeper就是動物園管理員，管理Hadoop(大象)、Hive(蜂房/蜜蜂)等動物。Apache上的Zookeeper分Linux版和Windows版，但是考慮到實際生產環境都是Linux，所以我們這裡主要介紹Linux上Zookeeper的安裝，Windows上Zookeeper的安裝則比較簡單，下載解壓即可，和Tomcat差不多。\n\nOK，廢話不多說，接下來我們就來看看zookeeper的安裝步驟。\n\n---\n環境：\n>1.VMware® Workstation 12 Pro  \n>2.CentOS7  \n>3.zookeeper-3.4.10(本文寫作時的最新穩定版)  \n\n---\n# 安裝步驟\n1.下載zookeeper\n\nzookeeper下載位址如下，小夥伴們可以在第一個位址中選擇適合自己的zookeeper版本，也可以直接點擊第二個位址下載我們本文使用的zookeeper。\n\n>1.[http://mirrors.hust.edu.cn/apache/zookeeper/](http://mirrors.hust.edu.cn/apache/zookeeper/)  \n\n>2.[http://mirrors.hust.edu.cn/apache/zookeeper/zookeeper-3.4.10/zookeeper-3.4.10.tar.gz](http://mirrors.hust.edu.cn/apache/zookeeper/zookeeper-3.4.10/zookeeper-3.4.10.tar.gz)\n\n\n\n2.將下載好的zookeeper上傳到Linux伺服器上\n\n上傳方式多種多樣，我這裡採用了xftp，小夥伴們也可以直接使用putty上傳，上傳結果如下：\n![這裡寫圖片描述](http://img.blog.csdn.net/20170825114622362?watermark/2/text/aHR0cDovL2Jsb2cuY3Nkbi5uZXQvdTAxMjcwMjU0Nw==/font/5a6L5L2T/fontsize/400/fill/I0JBQkFCMA==/dissolve/70/gravity/SouthEast)\n\n3.將檔解壓到/opt目錄下  \n\n![這裡寫圖片描述](http://img.blog.csdn.net/20170825115122378?watermark/2/text/aHR0cDovL2Jsb2cuY3Nkbi5uZXQvdTAxMjcwMjU0Nw==/font/5a6L5L2T/fontsize/400/fill/I0JBQkFCMA==/dissolve/70/gravity/SouthEast)\n\n4.進入到剛剛解壓好的目錄中，創建兩個資料夾，分別是data和logs，如下：\n\n![這裡寫圖片描述](http://img.blog.csdn.net/20170825115324970?watermark/2/text/aHR0cDovL2Jsb2cuY3Nkbi5uZXQvdTAxMjcwMjU0Nw==/font/5a6L5L2T/fontsize/400/fill/I0JBQkFCMA==/dissolve/70/gravity/SouthEast)\n\n5.將解壓後zookeeper-3.4.10資料夾下的zoo_sample.cfg檔拷貝一份命名為zoo.cfg，如下：\n\n![這裡寫圖片描述](http://img.blog.csdn.net/20170825115426251?watermark/2/text/aHR0cDovL2Jsb2cuY3Nkbi5uZXQvdTAxMjcwMjU0Nw==/font/5a6L5L2T/fontsize/400/fill/I0JBQkFCMA==/dissolve/70/gravity/SouthEast)\n\n6.修改zoo.cfg檔，添加data和log目錄，如下：\n\n![這裡寫圖片描述](http://img.blog.csdn.net/20170825115527367?watermark/2/text/aHR0cDovL2Jsb2cuY3Nkbi5uZXQvdTAxMjcwMjU0Nw==/font/5a6L5L2T/fontsize/400/fill/I0JBQkFCMA==/dissolve/70/gravity/SouthEast)\n\n>1.2888 埠號是zookeeper服務之間通信的埠   \n>2.3888 是zookeeper 與其他應用程式通信的埠  \n>3.initLimit：這個配置項是用來配置 Zookeeper 接受用戶端（這裡所說的用戶端不是用戶連接 Zookeeper伺服器的用戶端，而是 Zookeeper 伺服器集群中連接到 Leader 的 Follower 伺服器）初始化連接時最長能忍受多少個心跳時間間隔數。當已經超過 10 個心跳的時間（也就是 tickTime）長度後 Zookeeper 伺服器還沒有收到用戶端的返回資訊，那麼表明這個用戶端連接失敗。總的時間長度就是 5*2000=10 秒。  \n>4.syncLimit：這個配置項標識 Leader 與 Follower 之間發送消息，請求和應答時間長度，最長不能超過多少個 tickTime 的時間長度，總的時間長度就是 2*2000=4 秒  \n>5.server.A=B:C:D：其中 A 是一個數字，表示這個是第幾號伺服器；B 是這個伺服器的IP位址或/etc/hosts檔中映射了IP的主機名稱；C 表示的是這個伺服器與集群中的 Leader 伺服器交換資訊的埠；D 表示的是萬一集群中的 Leader 伺服器掛了，需要一個埠來重新進行選舉，選出一個新的 Leader，而這個埠就是用來執行選舉時伺服器相互通信的埠。如果是偽集群的配置方式，由於 B 都是一樣，所以不同的 Zookeeper 實例通訊連接埠號不能一樣，所以要給它們分配不同的埠號。\n\n7.在 dataDir=/opt/zookeeper-3.4.10/data下創建 myid檔 編輯myid檔，並在對應的IP的機器上輸入對應的編號。如在zookeeper上，myid檔內容就是1。如果只在單點上進行安裝配置，那麼只有一個server.1。如下：\n\n![這裡寫圖片描述](http://img.blog.csdn.net/20170825115647920?watermark/2/text/aHR0cDovL2Jsb2cuY3Nkbi5uZXQvdTAxMjcwMjU0Nw==/font/5a6L5L2T/fontsize/400/fill/I0JBQkFCMA==/dissolve/70/gravity/SouthEast)\n\n8.在.bash_profile檔中增加zookeeper配置：\n\n![這裡寫圖片描述](http://img.blog.csdn.net/20170825115729473?watermark/2/text/aHR0cDovL2Jsb2cuY3Nkbi5uZXQvdTAxMjcwMjU0Nw==/font/5a6L5L2T/fontsize/400/fill/I0JBQkFCMA==/dissolve/70/gravity/SouthEast)\n\n9.使配置生效\n\n![這裡寫圖片描述](http://img.blog.csdn.net/20170825115807787?watermark/2/text/aHR0cDovL2Jsb2cuY3Nkbi5uZXQvdTAxMjcwMjU0Nw==/font/5a6L5L2T/fontsize/400/fill/I0JBQkFCMA==/dissolve/70/gravity/SouthEast)\n\n10.關閉防火牆\n\n![這裡寫圖片描述](http://img.blog.csdn.net/20170825115848488?watermark/2/text/aHR0cDovL2Jsb2cuY3Nkbi5uZXQvdTAxMjcwMjU0Nw==/font/5a6L5L2T/fontsize/400/fill/I0JBQkFCMA==/dissolve/70/gravity/SouthEast)\n\n11.啟動並測試\n\n![這裡寫圖片描述](http://img.blog.csdn.net/20170825115938795?watermark/2/text/aHR0cDovL2Jsb2cuY3Nkbi5uZXQvdTAxMjcwMjU0Nw==/font/5a6L5L2T/fontsize/400/fill/I0JBQkFCMA==/dissolve/70/gravity/SouthEast)\n\n>啟動之後如果能看到Mode:standalone就表示啟動成功了。\n\n12.關閉zookeeper\n\n![這裡寫圖片描述](http://img.blog.csdn.net/20170825121021364?watermark/2/text/aHR0cDovL2Jsb2cuY3Nkbi5uZXQvdTAxMjcwMjU0Nw==/font/5a6L5L2T/fontsize/400/fill/I0JBQkFCMA==/dissolve/70/gravity/SouthEast)\n\n13.配置開機啟動zookeeper\n\n![這裡寫圖片描述](http://img.blog.csdn.net/20170825121059827?watermark/2/text/aHR0cDovL2Jsb2cuY3Nkbi5uZXQvdTAxMjcwMjU0Nw==/font/5a6L5L2T/fontsize/400/fill/I0JBQkFCMA==/dissolve/70/gravity/SouthEast)\n\n>**注意注意** 在centos7中，/etc/rc.local的許可權被降低了，所以需要執行如下命令賦予其可執行許可權\n```chmod +x /etc/rc.d/rc.local```\n\n\nOK,以上就是我們在CentOS7中安裝zookeeper的全過程，做好這一切之後我們就可以在Dubbo中使用這個註冊中心了，這個我們放在下一篇博客中介紹。\n\n更多JavaEE資料請關注公眾號：\n\n![](http://img.blog.csdn.net/20170823174820001?watermark/2/text/aHR0cDovL2Jsb2cuY3Nkbi5uZXQvdTAxMjcwMjU0Nw==/font/5a6L5L2T/fontsize/400/fill/I0JBQkFCMA==/dissolve/70/gravity/SouthEast)', '<p>最近打算出一個系列，介紹Dubbo的使用。</p>\n<hr />\n<p>分散式應用現在已經越來越廣泛，Spring Could也是一個不錯的一站式解決方案，不過據我瞭解國內目前貌似使用阿裡Dubbo的公司比較多，一方面這個框架也確實很OK，另一方面可能也是因為Dubbo的中文文檔比較全的緣故，據Dubbo官網上的消息，阿裡已經重新開始了對Dubbo的維護，這也算是使用Dubbo的互聯網公司的福音了吧。OK，廢話不多說，今天我們就先來看看如何在Linux上安裝zookeeper。</p>\n<hr />\n<p>瞭解過Dubbo的小夥伴都知道，Dubbo官方建議我們使用的註冊中心就是zookeeper，zookeeper本來是Hadoop的一個子項目，現在發展成了Apache的頂級項目，看名字就知道Zookeeper就是動物園管理員，管理Hadoop(大象)、Hive(蜂房/蜜蜂)等動物。Apache上的Zookeeper分Linux版和Windows版，但是考慮到實際生產環境都是Linux，所以我們這裡主要介紹Linux上Zookeeper的安裝，Windows上Zookeeper的安裝則比較簡單，下載解壓即可，和Tomcat差不多。</p>\n<p>OK，廢話不多說，接下來我們就來看看zookeeper的安裝步驟。</p>\n<hr />\n<p>環境：</p>\n<blockquote>\n<p>1.VMware® Workstation 12 Pro<br />\n2.CentOS7<br />\n3.zookeeper-3.4.10(本文寫作時的最新穩定版)</p>\n</blockquote>\n<hr />\n<h1>安裝步驟</h1>\n<p>1.下載zookeeper</p>\n<p>zookeeper下載位址如下，小夥伴們可以在第一個位址中選擇適合自己的zookeeper版本，也可以直接點擊第二個位址下載我們本文使用的zookeeper。</p>\n<blockquote>\n<p>1.<a href=\"http://mirrors.hust.edu.cn/apache/zookeeper/\" target=\"_blank\">http://mirrors.hust.edu.cn/apache/zookeeper/</a></p>\n</blockquote>\n<blockquote>\n<p>2.<a href=\"http://mirrors.hust.edu.cn/apache/zookeeper/zookeeper-3.4.10/zookeeper-3.4.10.tar.gz\" target=\"_blank\">http://mirrors.hust.edu.cn/apache/zookeeper/zookeeper-3.4.10/zookeeper-3.4.10.tar.gz</a></p>\n</blockquote>\n<p>2.將下載好的zookeeper上傳到Linux伺服器上</p>\n<p>上傳方式多種多樣，我這裡採用了xftp，小夥伴們也可以直接使用putty上傳，上傳結果如下：<br />\n<img src=\"http://img.blog.csdn.net/20170825114622362?watermark/2/text/aHR0cDovL2Jsb2cuY3Nkbi5uZXQvdTAxMjcwMjU0Nw==/font/5a6L5L2T/fontsize/400/fill/I0JBQkFCMA==/dissolve/70/gravity/SouthEast\" alt=\"這裡寫圖片描述\" /></p>\n<p>3.將檔解壓到/opt目錄下</p>\n<p><img src=\"http://img.blog.csdn.net/20170825115122378?watermark/2/text/aHR0cDovL2Jsb2cuY3Nkbi5uZXQvdTAxMjcwMjU0Nw==/font/5a6L5L2T/fontsize/400/fill/I0JBQkFCMA==/dissolve/70/gravity/SouthEast\" alt=\"這裡寫圖片描述\" /></p>\n<p>4.進入到剛剛解壓好的目錄中，創建兩個資料夾，分別是data和logs，如下：</p>\n<p><img src=\"http://img.blog.csdn.net/20170825115324970?watermark/2/text/aHR0cDovL2Jsb2cuY3Nkbi5uZXQvdTAxMjcwMjU0Nw==/font/5a6L5L2T/fontsize/400/fill/I0JBQkFCMA==/dissolve/70/gravity/SouthEast\" alt=\"這裡寫圖片描述\" /></p>\n<p>5.將解壓後zookeeper-3.4.10資料夾下的zoo_sample.cfg檔拷貝一份命名為zoo.cfg，如下：</p>\n<p><img src=\"http://img.blog.csdn.net/20170825115426251?watermark/2/text/aHR0cDovL2Jsb2cuY3Nkbi5uZXQvdTAxMjcwMjU0Nw==/font/5a6L5L2T/fontsize/400/fill/I0JBQkFCMA==/dissolve/70/gravity/SouthEast\" alt=\"這裡寫圖片描述\" /></p>\n<p>6.修改zoo.cfg檔，添加data和log目錄，如下：</p>\n<p><img src=\"http://img.blog.csdn.net/20170825115527367?watermark/2/text/aHR0cDovL2Jsb2cuY3Nkbi5uZXQvdTAxMjcwMjU0Nw==/font/5a6L5L2T/fontsize/400/fill/I0JBQkFCMA==/dissolve/70/gravity/SouthEast\" alt=\"這裡寫圖片描述\" /></p>\n<blockquote>\n<p>1.2888 埠號是zookeeper服務之間通信的埠<br />\n2.3888 是zookeeper 與其他應用程式通信的埠<br />\n3.initLimit：這個配置項是用來配置 Zookeeper 接受用戶端（這裡所說的用戶端不是用戶連接 Zookeeper伺服器的用戶端，而是 Zookeeper 伺服器集群中連接到 Leader 的 Follower 伺服器）初始化連接時最長能忍受多少個心跳時間間隔數。當已經超過 10 個心跳的時間（也就是 tickTime）長度後 Zookeeper 伺服器還沒有收到用戶端的返回資訊，那麼表明這個用戶端連接失敗。總的時間長度就是 5<em>2000=10 秒。<br />\n4.syncLimit：這個配置項標識 Leader 與 Follower 之間發送消息，請求和應答時間長度，最長不能超過多少個 tickTime 的時間長度，總的時間長度就是 2</em>2000=4 秒<br />\n5.server.A=B:C:D：其中 A 是一個數字，表示這個是第幾號伺服器；B 是這個伺服器的IP位址或/etc/hosts檔中映射了IP的主機名稱；C 表示的是這個伺服器與集群中的 Leader 伺服器交換資訊的埠；D 表示的是萬一集群中的 Leader 伺服器掛了，需要一個埠來重新進行選舉，選出一個新的 Leader，而這個埠就是用來執行選舉時伺服器相互通信的埠。如果是偽集群的配置方式，由於 B 都是一樣，所以不同的 Zookeeper 實例通訊連接埠號不能一樣，所以要給它們分配不同的埠號。</p>\n</blockquote>\n<p>7.在 dataDir=/opt/zookeeper-3.4.10/data下創建 myid檔 編輯myid檔，並在對應的IP的機器上輸入對應的編號。如在zookeeper上，myid檔內容就是1。如果只在單點上進行安裝配置，那麼只有一個server.1。如下：</p>\n<p><img src=\"http://img.blog.csdn.net/20170825115647920?watermark/2/text/aHR0cDovL2Jsb2cuY3Nkbi5uZXQvdTAxMjcwMjU0Nw==/font/5a6L5L2T/fontsize/400/fill/I0JBQkFCMA==/dissolve/70/gravity/SouthEast\" alt=\"這裡寫圖片描述\" /></p>\n<p>8.在.bash_profile檔中增加zookeeper配置：</p>\n<p><img src=\"http://img.blog.csdn.net/20170825115729473?watermark/2/text/aHR0cDovL2Jsb2cuY3Nkbi5uZXQvdTAxMjcwMjU0Nw==/font/5a6L5L2T/fontsize/400/fill/I0JBQkFCMA==/dissolve/70/gravity/SouthEast\" alt=\"這裡寫圖片描述\" /></p>\n<p>9.使配置生效</p>\n<p><img src=\"http://img.blog.csdn.net/20170825115807787?watermark/2/text/aHR0cDovL2Jsb2cuY3Nkbi5uZXQvdTAxMjcwMjU0Nw==/font/5a6L5L2T/fontsize/400/fill/I0JBQkFCMA==/dissolve/70/gravity/SouthEast\" alt=\"這裡寫圖片描述\" /></p>\n<p>10.關閉防火牆</p>\n<p><img src=\"http://img.blog.csdn.net/20170825115848488?watermark/2/text/aHR0cDovL2Jsb2cuY3Nkbi5uZXQvdTAxMjcwMjU0Nw==/font/5a6L5L2T/fontsize/400/fill/I0JBQkFCMA==/dissolve/70/gravity/SouthEast\" alt=\"這裡寫圖片描述\" /></p>\n<p>11.啟動並測試</p>\n<p><img src=\"http://img.blog.csdn.net/20170825115938795?watermark/2/text/aHR0cDovL2Jsb2cuY3Nkbi5uZXQvdTAxMjcwMjU0Nw==/font/5a6L5L2T/fontsize/400/fill/I0JBQkFCMA==/dissolve/70/gravity/SouthEast\" alt=\"這裡寫圖片描述\" /></p>\n<blockquote>\n<p>啟動之後如果能看到Mode:standalone就表示啟動成功了。</p>\n</blockquote>\n<p>12.關閉zookeeper</p>\n<p><img src=\"http://img.blog.csdn.net/20170825121021364?watermark/2/text/aHR0cDovL2Jsb2cuY3Nkbi5uZXQvdTAxMjcwMjU0Nw==/font/5a6L5L2T/fontsize/400/fill/I0JBQkFCMA==/dissolve/70/gravity/SouthEast\" alt=\"這裡寫圖片描述\" /></p>\n<p>13.配置開機啟動zookeeper</p>\n<p><img src=\"http://img.blog.csdn.net/20170825121059827?watermark/2/text/aHR0cDovL2Jsb2cuY3Nkbi5uZXQvdTAxMjcwMjU0Nw==/font/5a6L5L2T/fontsize/400/fill/I0JBQkFCMA==/dissolve/70/gravity/SouthEast\" alt=\"這裡寫圖片描述\" /></p>\n<blockquote>\n<p><strong>注意注意</strong> 在centos7中，/etc/rc.local的許可權被降低了，所以需要執行如下命令賦予其可執行許可權<br />\n<code>chmod +x /etc/rc.d/rc.local</code></p>\n</blockquote>\n<p>OK,以上就是我們在CentOS7中安裝zookeeper的全過程，做好這一切之後我們就可以在Dubbo中使用這個註冊中心了，這個我們放在下一篇博客中介紹。</p>\n<p>更多JavaEE資料請關注公眾號：</p>\n<p><img src=\"http://img.blog.csdn.net/20170823174820001?watermark/2/text/aHR0cDovL2Jsb2cuY3Nkbi5uZXQvdTAxMjcwMjU0Nw==/font/5a6L5L2T/fontsize/400/fill/I0JBQkFCMA==/dissolve/70/gravity/SouthEast\" alt=\"\" /></p>\n', '最近打算出一個系列，介紹Dubbo的使用。\n\n分散式應用現在已經越來越廣泛，Spring Could', '60', '6', '2017-12-24 10:05:20', '2017-12-24 10:05:20', '1', '1');
INSERT INTO `article` VALUES ('109', 'Ajax上傳圖片以及上傳之前先預覽', '手頭上有幾個小專案用到了easyUI，一開始決定使用easyUI就註定了專案整體上前後端分離，基本上所有的請求都採用Ajax來完成。在檔上傳的時候用到了Ajax上傳檔，以及圖片在上傳之前的預覽效果，解決了這兩個小問題，和小夥伴們分享下。\n\n---\n# 上傳之前的預覽\n\n## 方式一\n先來說說圖片上傳之前的預覽問題。這裡主要採用了HTML5中的FileReader對象來實現，關於FileReader物件，如果小夥伴們不瞭解，可以查看這篇博客[HTML5學習之FileReader介面](http://blog.csdn.net/zk437092645/article/details/8745647/)。我們來看看實現方式：\n```\n<!DOCTYPE html>\n<html lang=\"en\">\n<head>\n    <meta charset=\"UTF-8\">\n    <title>Ajax上傳文件</title>\n    <script src=\"jquery-3.2.1.js\"></script>\n</head>\n<body>\n用戶名：<input id=\"username\" type=\"text\"><br>\n使用者圖像：<input id=\"userface\" type=\"file\" onchange=\"preview(this)\"><br>\n<div id=\"preview\"></div>\n<input type=\"button\" id=\"btnClick\" value=\"上傳\">\n<script>\n    $(\"#btnClick\").click(function () {\n        var formData = new FormData();\n        formData.append(\"username\", $(\"#username\").val());\n        formData.append(\"file\", $(\"#userface\")[0].files[0]);\n        $.ajax({\n            url: \'/fileupload\',\n            type: \'post\',\n            data: formData,\n            processData: false,\n            contentType: false,\n            success: function (msg) {\n                alert(msg);\n            }\n        });\n    });\n    function preview(file) {\n        var prevDiv = document.getElementById(\'preview\');\n        if (file.files && file.files[0]) {\n            var reader = new FileReader();\n            reader.onload = function (evt) {\n                prevDiv.innerHTML = \'<img src=\"\' + evt.target.result + \'\" />\';\n            }\n            reader.readAsDataURL(file.files[0]);\n        } else {\n            prevDiv.innerHTML = \'<div class=\"img\" style=\"filter:progid:DXImageTransform.Microsoft.AlphaImageLoader(sizingMethod=scale,src=\\\'\' + file.value + \'\\\'\"></div>\';\n        }\n    }\n</script>\n</body>\n</html>\n```\n\n這裡對於支持FileReader的流覽器直接使用FileReader來實現，不支持FileReader的流覽器則採用微軟的濾鏡來實現（注意給圖片上傳的input標籤設置onchange函數）。\n實現效果如下：\n![這裡寫圖片描述](http://img.blog.csdn.net/20170825184056537?watermark/2/text/aHR0cDovL2Jsb2cuY3Nkbi5uZXQvdTAxMjcwMjU0Nw==/font/5a6L5L2T/fontsize/400/fill/I0JBQkFCMA==/dissolve/70/gravity/SouthEast)\n\n\n## 方式二\n\n除了這種方式之外我們也可以採用網上現成的一個jQuery實現的方式。這裡主要參考了[這裡](http://keleyi.com/keleyi/phtml/image/16.htm)。\n不過由於原文年代久遠，裡邊使用的```$.browser.msie```從jQuery1.9就被移除掉了，所以如果我們想使用這個得做一點額外的處理，我修改後的uploadPreview.js檔內容如下：\n```\njQuery.browser={};(function(){jQuery.browser.msie=false; jQuery.browser.version=0;if(navigator.userAgent.match(/MSIE ([0-9]+)./)){ jQuery.browser.msie=true;jQuery.browser.version=RegExp.$1;}})();\njQuery.fn.extend({\n    uploadPreview: function (opts) {\n        var _self = this,\n            _this = $(this);\n        opts = jQuery.extend({\n            Img: \"ImgPr\",\n            Width: 100,\n            Height: 100,\n            ImgType: [\"gif\", \"jpeg\", \"jpg\", \"bmp\", \"png\"],\n            Callback: function () {}\n        }, opts || {});\n        _self.getObjectURL = function (file) {\n            var url = null;\n            if (window.createObjectURL != undefined) {\n                url = window.createObjectURL(file)\n            } else if (window.URL != undefined) {\n                url = window.URL.createObjectURL(file)\n            } else if (window.webkitURL != undefined) {\n                url = window.webkitURL.createObjectURL(file)\n            }\n            return url\n        };\n        _this.change(function () {\n            if (this.value) {\n                if (!RegExp(\"\\.(\" + opts.ImgType.join(\"|\") + \")$\", \"i\").test(this.value.toLowerCase())) {\n                    alert(\"選擇檔錯誤,圖片類型必須是\" + opts.ImgType.join(\"，\") + \"中的一種\");\n                    this.value = \"\";\n                    return false\n                }\n                if ($.browser.msie) {\n                    try {\n                        $(\"#\" + opts.Img).attr(\'src\', _self.getObjectURL(this.files[0]))\n                    } catch (e) {\n                        var src = \"\";\n                        var obj = $(\"#\" + opts.Img);\n                        var div = obj.parent(\"div\")[0];\n                        _self.select();\n                        if (top != self) {\n                            window.parent.document.body.focus()\n                        } else {\n                            _self.blur()\n                        }\n                        src = document.selection.createRange().text;\n                        document.selection.empty();\n                        obj.hide();\n                        obj.parent(\"div\").css({\n                            \'filter\': \'progid:DXImageTransform.Microsoft.AlphaImageLoader(sizingMethod=scale)\',\n                            \'width\': opts.Width + \'px\',\n                            \'height\': opts.Height + \'px\'\n                        });\n                        div.filters.item(\"DXImageTransform.Microsoft.AlphaImageLoader\").src = src\n                    }\n                } else {\n                    $(\"#\" + opts.Img).attr(\'src\', _self.getObjectURL(this.files[0]))\n                }\n                opts.Callback()\n            }\n        })\n    }\n});\n```\n\n然後在我們的html檔中引入這個js檔即可：\n```\n<!DOCTYPE html>\n<html lang=\"en\">\n<head>\n    <meta charset=\"UTF-8\">\n    <title>Ajax上傳文件</title>\n    <script src=\"jquery-3.2.1.js\"></script>\n    <script src=\"uploadPreview.js\"></script>\n</head>\n<body>\n用戶名：<input id=\"username\" type=\"text\"><br>\n使用者圖像：<input id=\"userface\" type=\"file\" onchange=\"preview(this)\"><br>\n<div><img id=\"ImgPr\" width=\"200\" height=\"200\"/></div>\n<input type=\"button\" id=\"btnClick\" value=\"上傳\">\n<script>\n    $(\"#btnClick\").click(function () {\n        var formData = new FormData();\n        formData.append(\"username\", $(\"#username\").val());\n        formData.append(\"file\", $(\"#userface\")[0].files[0]);\n        $.ajax({\n            url: \'/fileupload\',\n            type: \'post\',\n            data: formData,\n            processData: false,\n            contentType: false,\n            success: function (msg) {\n                alert(msg);\n            }\n        });\n    });\n    $(\"#userface\").uploadPreview({Img: \"ImgPr\", Width: 120, Height: 120});\n</script>\n</body>\n</html>\n```\n\n這裡有如下幾點需要注意：\n>1.HTML頁面中要引入我們自訂的uploadPreview.js文件\n>2.預先定義好要顯示預覽圖片的img標籤，該標籤要有id。\n>3.查找到img標籤然後調用uploadPreview函數\n\n執行效果如下：  \n![這裡寫圖片描述](http://img.blog.csdn.net/20170825190203757?watermark/2/text/aHR0cDovL2Jsb2cuY3Nkbi5uZXQvdTAxMjcwMjU0Nw==/font/5a6L5L2T/fontsize/400/fill/I0JBQkFCMA==/dissolve/70/gravity/SouthEast)\n\n# Ajax上傳圖片檔\n\nAjax上傳圖片檔就簡單了，沒有那麼多方案，核心代碼如下：\n```\n        var formData = new FormData();\n        formData.append(\"username\", $(\"#username\").val());\n        formData.append(\"file\", $(\"#userface\")[0].files[0]);\n        $.ajax({\n            url: \'/fileupload\',\n            type: \'post\',\n            data: formData,\n            processData: false,\n            contentType: false,\n            success: function (msg) {\n                alert(msg);\n            }\n        });\n```\n核心就是定義一個FormData物件，將要上傳的資料包裝到這個物件中去。然後在ajax上傳資料的時候設置data屬性就為formdata，processData屬性設置為false，表示jQuery不要去處理發送的資料，然後設置contentType屬性的值為false，表示不要設置請求頭的contentType屬性。OK，主要就是設置這三個，設置成功之後，其他的處理就和常規的ajax用法一致了。\n\n後臺的處理代碼大家可以在文末的案例中下載，這裡我就不展示不出來了。\n\nOK，以上就是我們對Ajax上傳圖片以及圖片預覽的一個簡介，有問題的小夥伴歡迎留言討論。\n\n案例下載地址[http://download.csdn.net/download/u012702547/9950813](http://download.csdn.net/download/u012702547/9950813)\n\n由於CSDN下載現在必須要積分，不得已設置了1分，如果小夥伴沒有積分，文末留言我發給你。\n\n以上。\n', '<p>手頭上有幾個小專案用到了easyUI，一開始決定使用easyUI就註定了專案整體上前後端分離，基本上所有的請求都採用Ajax來完成。在檔上傳的時候用到了Ajax上傳檔，以及圖片在上傳之前的預覽效果，解決了這兩個小問題，和小夥伴們分享下。</p>\n<hr />\n<h1>上傳之前的預覽</h1>\n<h2>方式一</h2>\n<p>先來說說圖片上傳之前的預覽問題。這裡主要採用了HTML5中的FileReader對象來實現，關於FileReader物件，如果小夥伴們不瞭解，可以查看這篇博客<a href=\"http://blog.csdn.net/zk437092645/article/details/8745647/\" target=\"_blank\">HTML5學習之FileReader介面</a>。我們來看看實現方式：</p>\n<pre><code class=\"lang-\">&lt;!DOCTYPE html&gt;\n&lt;html lang=&quot;en&quot;&gt;\n&lt;head&gt;\n    &lt;meta charset=&quot;UTF-8&quot;&gt;\n    &lt;title&gt;Ajax上傳文件&lt;/title&gt;\n    &lt;script src=&quot;jquery-3.2.1.js&quot;&gt;&lt;/script&gt;\n&lt;/head&gt;\n&lt;body&gt;\n用戶名：&lt;input id=&quot;username&quot; type=&quot;text&quot;&gt;&lt;br&gt;\n使用者圖像：&lt;input id=&quot;userface&quot; type=&quot;file&quot; onchange=&quot;preview(this)&quot;&gt;&lt;br&gt;\n&lt;div id=&quot;preview&quot;&gt;&lt;/div&gt;\n&lt;input type=&quot;button&quot; id=&quot;btnClick&quot; value=&quot;上傳&quot;&gt;\n&lt;script&gt;\n    $(&quot;#btnClick&quot;).click(function () {\n        var formData = new FormData();\n        formData.append(&quot;username&quot;, $(&quot;#username&quot;).val());\n        formData.append(&quot;file&quot;, $(&quot;#userface&quot;)[0].files[0]);\n        $.ajax({\n            url: \'/fileupload\',\n            type: \'post\',\n            data: formData,\n            processData: false,\n            contentType: false,\n            success: function (msg) {\n                alert(msg);\n            }\n        });\n    });\n    function preview(file) {\n        var prevDiv = document.getElementById(\'preview\');\n        if (file.files &amp;&amp; file.files[0]) {\n            var reader = new FileReader();\n            reader.onload = function (evt) {\n                prevDiv.innerHTML = \'&lt;img src=&quot;\' + evt.target.result + \'&quot; /&gt;\';\n            }\n            reader.readAsDataURL(file.files[0]);\n        } else {\n            prevDiv.innerHTML = \'&lt;div class=&quot;img&quot; style=&quot;filter:progid:DXImageTransform.Microsoft.AlphaImageLoader(sizingMethod=scale,src=\\\'\' + file.value + \'\\\'&quot;&gt;&lt;/div&gt;\';\n        }\n    }\n&lt;/script&gt;\n&lt;/body&gt;\n&lt;/html&gt;\n</code></pre>\n<p>這裡對於支持FileReader的流覽器直接使用FileReader來實現，不支持FileReader的流覽器則採用微軟的濾鏡來實現（注意給圖片上傳的input標籤設置onchange函數）。<br />\n實現效果如下：<br />\n<img src=\"http://img.blog.csdn.net/20170825184056537?watermark/2/text/aHR0cDovL2Jsb2cuY3Nkbi5uZXQvdTAxMjcwMjU0Nw==/font/5a6L5L2T/fontsize/400/fill/I0JBQkFCMA==/dissolve/70/gravity/SouthEast\" alt=\"這裡寫圖片描述\" /></p>\n<h2>方式二</h2>\n<p>除了這種方式之外我們也可以採用網上現成的一個jQuery實現的方式。這裡主要參考了<a href=\"http://keleyi.com/keleyi/phtml/image/16.htm\" target=\"_blank\">這裡</a>。<br />\n不過由於原文年代久遠，裡邊使用的<code>$.browser.msie</code>從jQuery1.9就被移除掉了，所以如果我們想使用這個得做一點額外的處理，我修改後的uploadPreview.js檔內容如下：</p>\n<pre><code class=\"lang-\">jQuery.browser={};(function(){jQuery.browser.msie=false; jQuery.browser.version=0;if(navigator.userAgent.match(/MSIE ([0-9]+)./)){ jQuery.browser.msie=true;jQuery.browser.version=RegExp.$1;}})();\njQuery.fn.extend({\n    uploadPreview: function (opts) {\n        var _self = this,\n            _this = $(this);\n        opts = jQuery.extend({\n            Img: &quot;ImgPr&quot;,\n            Width: 100,\n            Height: 100,\n            ImgType: [&quot;gif&quot;, &quot;jpeg&quot;, &quot;jpg&quot;, &quot;bmp&quot;, &quot;png&quot;],\n            Callback: function () {}\n        }, opts || {});\n        _self.getObjectURL = function (file) {\n            var url = null;\n            if (window.createObjectURL != undefined) {\n                url = window.createObjectURL(file)\n            } else if (window.URL != undefined) {\n                url = window.URL.createObjectURL(file)\n            } else if (window.webkitURL != undefined) {\n                url = window.webkitURL.createObjectURL(file)\n            }\n            return url\n        };\n        _this.change(function () {\n            if (this.value) {\n                if (!RegExp(&quot;\\.(&quot; + opts.ImgType.join(&quot;|&quot;) + &quot;)$&quot;, &quot;i&quot;).test(this.value.toLowerCase())) {\n                    alert(&quot;選擇檔錯誤,圖片類型必須是&quot; + opts.ImgType.join(&quot;，&quot;) + &quot;中的一種&quot;);\n                    this.value = &quot;&quot;;\n                    return false\n                }\n                if ($.browser.msie) {\n                    try {\n                        $(&quot;#&quot; + opts.Img).attr(\'src\', _self.getObjectURL(this.files[0]))\n                    } catch (e) {\n                        var src = &quot;&quot;;\n                        var obj = $(&quot;#&quot; + opts.Img);\n                        var div = obj.parent(&quot;div&quot;)[0];\n                        _self.select();\n                        if (top != self) {\n                            window.parent.document.body.focus()\n                        } else {\n                            _self.blur()\n                        }\n                        src = document.selection.createRange().text;\n                        document.selection.empty();\n                        obj.hide();\n                        obj.parent(&quot;div&quot;).css({\n                            \'filter\': \'progid:DXImageTransform.Microsoft.AlphaImageLoader(sizingMethod=scale)\',\n                            \'width\': opts.Width + \'px\',\n                            \'height\': opts.Height + \'px\'\n                        });\n                        div.filters.item(&quot;DXImageTransform.Microsoft.AlphaImageLoader&quot;).src = src\n                    }\n                } else {\n                    $(&quot;#&quot; + opts.Img).attr(\'src\', _self.getObjectURL(this.files[0]))\n                }\n                opts.Callback()\n            }\n        })\n    }\n});\n</code></pre>\n<p>然後在我們的html檔中引入這個js檔即可：</p>\n<pre><code class=\"lang-\">&lt;!DOCTYPE html&gt;\n&lt;html lang=&quot;en&quot;&gt;\n&lt;head&gt;\n    &lt;meta charset=&quot;UTF-8&quot;&gt;\n    &lt;title&gt;Ajax上傳文件&lt;/title&gt;\n    &lt;script src=&quot;jquery-3.2.1.js&quot;&gt;&lt;/script&gt;\n    &lt;script src=&quot;uploadPreview.js&quot;&gt;&lt;/script&gt;\n&lt;/head&gt;\n&lt;body&gt;\n用戶名：&lt;input id=&quot;username&quot; type=&quot;text&quot;&gt;&lt;br&gt;\n使用者圖像：&lt;input id=&quot;userface&quot; type=&quot;file&quot; onchange=&quot;preview(this)&quot;&gt;&lt;br&gt;\n&lt;div&gt;&lt;img id=&quot;ImgPr&quot; width=&quot;200&quot; height=&quot;200&quot;/&gt;&lt;/div&gt;\n&lt;input type=&quot;button&quot; id=&quot;btnClick&quot; value=&quot;上傳&quot;&gt;\n&lt;script&gt;\n    $(&quot;#btnClick&quot;).click(function () {\n        var formData = new FormData();\n        formData.append(&quot;username&quot;, $(&quot;#username&quot;).val());\n        formData.append(&quot;file&quot;, $(&quot;#userface&quot;)[0].files[0]);\n        $.ajax({\n            url: \'/fileupload\',\n            type: \'post\',\n            data: formData,\n            processData: false,\n            contentType: false,\n            success: function (msg) {\n                alert(msg);\n            }\n        });\n    });\n    $(&quot;#userface&quot;).uploadPreview({Img: &quot;ImgPr&quot;, Width: 120, Height: 120});\n&lt;/script&gt;\n&lt;/body&gt;\n&lt;/html&gt;\n</code></pre>\n<p>這裡有如下幾點需要注意：</p>\n<blockquote>\n<p>1.HTML頁面中要引入我們自訂的uploadPreview.js文件<br />\n2.預先定義好要顯示預覽圖片的img標籤，該標籤要有id。<br />\n3.查找到img標籤然後調用uploadPreview函數</p>\n</blockquote>\n<p>執行效果如下：<br />\n<img src=\"http://img.blog.csdn.net/20170825190203757?watermark/2/text/aHR0cDovL2Jsb2cuY3Nkbi5uZXQvdTAxMjcwMjU0Nw==/font/5a6L5L2T/fontsize/400/fill/I0JBQkFCMA==/dissolve/70/gravity/SouthEast\" alt=\"這裡寫圖片描述\" /></p>\n<h1>Ajax上傳圖片檔</h1>\n<p>Ajax上傳圖片檔就簡單了，沒有那麼多方案，核心代碼如下：</p>\n<pre><code class=\"lang-\">        var formData = new FormData();\n        formData.append(&quot;username&quot;, $(&quot;#username&quot;).val());\n        formData.append(&quot;file&quot;, $(&quot;#userface&quot;)[0].files[0]);\n        $.ajax({\n            url: \'/fileupload\',\n            type: \'post\',\n            data: formData,\n            processData: false,\n            contentType: false,\n            success: function (msg) {\n                alert(msg);\n            }\n        });\n</code></pre>\n<p>核心就是定義一個FormData物件，將要上傳的資料包裝到這個物件中去。然後在ajax上傳資料的時候設置data屬性就為formdata，processData屬性設置為false，表示jQuery不要去處理發送的資料，然後設置contentType屬性的值為false，表示不要設置請求頭的contentType屬性。OK，主要就是設置這三個，設置成功之後，其他的處理就和常規的ajax用法一致了。</p>\n<p>後臺的處理代碼大家可以在文末的案例中下載，這裡我就不展示不出來了。</p>\n<p>OK，以上就是我們對Ajax上傳圖片以及圖片預覽的一個簡介，有問題的小夥伴歡迎留言討論。</p>\n<p>案例下載地址<a href=\"http://download.csdn.net/download/u012702547/9950813\" target=\"_blank\">http://download.csdn.net/download/u012702547/9950813</a></p>\n<p>由於CSDN下載現在必須要積分，不得已設置了1分，如果小夥伴沒有積分，文末留言我發給你。</p>\n<p>以上。</p>\n', '手頭上有幾個小專案用到了easyUI，一開始決定使用easyUI就註定了專案整體上前後端分離，基本上', '60', '6', '2017-12-24 09:34:29', '2017-12-24 09:34:29', '1', '5');
INSERT INTO `article` VALUES ('110', '一個簡單的案例帶你入門Dubbo分散式框架666', '相信有很多小夥伴都知道，dubbo是一個分散式、高性能、透明化的RPC服務框架，提供服務自動註冊、自動發現等高效服務治理方案，dubbo的中文文檔也是非常全的，中文文檔可以參考這裡**[dubbo.io](http://dubbo.io/)**。由於官網的介紹比較簡潔，我這裡打算通過Maven多模組工程再給小夥伴們演示一下用法。\n\n\n![Image 003.png](http://localhost:80/blogimg/20171224/f301f919-f191-4e12-9a19-bce8f82a00f0_Image003.png)\n\n---\n環境：IntelliJ IDEA2017.1\n\n---\n關於如何在IntelliJ IDEA中創建Maven多模組專案，小夥伴們可以參考之前的博客[ IntelliJ IDEA中創建Web聚合專案(Maven多模組專案) ](http://blog.csdn.net/u012702547/article/details/77431765)，這裡我就不再贅述。\n這裡我還是以dubbo官方文檔中的例子作為基準，我們來詳細的看看運行過程。\n# 創建一個Maven工程\nIntelliJ中創建Maven工程的方式我這裡就不再多說了，這裡只說一點，工程創建成功之後，將src目錄刪除，因為我們不需要在這個工程下面寫代碼，我們將以這個工程為父工程，然後給它創建多個模組。\n# 向創建好的工程中添加模組\n當我們第一步成功創建了要給Maven工程之後，第二步我們就向這個Maven工程中添加三個模組，分別是common，provider和consumer三個模組，添加完成之後效果如下：\n![這裡寫圖片描述](http://img.blog.csdn.net/20170826153752910?watermark/2/text/aHR0cDovL2Jsb2cuY3Nkbi5uZXQvdTAxMjcwMjU0Nw==/font/5a6L5L2T/fontsize/400/fill/I0JBQkFCMA==/dissolve/70/gravity/SouthEast)\n\nprovider將作為我們的服務提供者，consumer將作為服務消費者，這兩個好理解，除了這兩個之外我們還需要要給common模組，common模組主要是提供公共介面，供服務提供者和服務消費者使用。\n\n# 向common模組中添加介面\n\n在common模組中，添加一個SayHello介面，如下：\n\n![這裡寫圖片描述](http://img.blog.csdn.net/20170826154808445?watermark/2/text/aHR0cDovL2Jsb2cuY3Nkbi5uZXQvdTAxMjcwMjU0Nw==/font/5a6L5L2T/fontsize/400/fill/I0JBQkFCMA==/dissolve/70/gravity/SouthEast)\n\n# provider模組依賴common並提供服務\n\n1.首先打開provider的pom.xml檔，在其中添加依賴，要添加的依賴有如下四個小類：\n>1.添加對common模組的依賴\n>2.添加對spring的依賴\n>3.添加對dubbo的依賴\n>4.添加對zookeeper的依賴\n\n如下：\n\n```\n<dependencies>\n        <dependency>\n            <groupId>org.sang</groupId>\n            <artifactId>common</artifactId>\n            <version>1.0-SNAPSHOT</version>\n        </dependency>\n        <dependency>\n            <groupId>org.springframework</groupId>\n            <artifactId>spring-web</artifactId>\n            <version>4.3.10.RELEASE</version>\n        </dependency>\n        <dependency>\n            <groupId>com.alibaba</groupId>\n            <artifactId>dubbo</artifactId>\n            <version>2.5.3</version>\n            <exclusions>\n                <exclusion>\n                    <groupId>org.springframework</groupId>\n                    <artifactId>spring</artifactId>\n                </exclusion>\n                <exclusion>\n                    <artifactId>netty</artifactId>\n                    <groupId>org.jboss.netty</groupId>\n                </exclusion>\n            </exclusions>\n        </dependency>\n        <dependency>\n            <groupId>org.apache.zookeeper</groupId>\n            <artifactId>zookeeper</artifactId>\n            <version>3.4.10</version>\n        </dependency>\n        <dependency>\n            <groupId>com.101tec</groupId>\n            <artifactId>zkclient</artifactId>\n            <version>0.10</version>\n        </dependency>\n    </dependencies>\n```\n然後在provider中實現common模組的介面，如下：\n```\npublic class SayHelloImpl implements SayHello {\n    public String sayHello(String name) {\n        return \"Hello \"+name;\n    }\n}\n```\n\n然後我們需要在provider的spring設定檔中暴露服務，如下：\n```\n<?xml version=\"1.0\" encoding=\"UTF-8\"?>\n<beans xmlns=\"http://www.springframework.org/schema/beans\"\n       xmlns:xsi=\"http://www.w3.org/2001/XMLSchema-instance\" xmlns:dubbo=\"http://code.alibabatech.com/schema/dubbo\"\n       xsi:schemaLocation=\"http://www.springframework.org/schema/beans http://www.springframework.org/schema/beans/spring-beans.xsd http://code.alibabatech.com/schema/dubbo http://code.alibabatech.com/schema/dubbo/dubbo.xsd\">\n<dubbo:application name=\"hello-world-app\"></dubbo:application>\n    <!--<dubbo:registry address=\"multicast://224.5.6.7:2181\"/>-->\n    <dubbo:registry address=\"zookeeper://192.168.248.128:2181\"/>\n    <dubbo:protocol name=\"dubbo\" port=\"20880\"/>\n    <dubbo:service interface=\"org.sang.SayHello\" ref=\"sayHelloImpl\"/>\n    <bean id=\"sayHelloImpl\" class=\"org.sang.SayHelloImpl\"/>\n</beans>\n```\n\n這裡我採用了dubbo推薦的註冊中心zookeeper，關於Linux上zookeeper的安裝小夥伴們可以參考[Linux上安裝Zookeeper以及一些注意事項](http://blog.csdn.net/u012702547/article/details/77569325)。\n註冊位址就是你安裝zookeeper的伺服器位址，然後將服務的介面暴露出來即可。\n\n最後我們採用一個main方法將provider跑起來，如下：\n```\npublic class Main {\n    public static void main(String[] args) throws IOException {\n        ClassPathXmlApplicationContext ctx = new ClassPathXmlApplicationContext(\"applicationContext.xml\");\n        ctx.start();\n        System.in.read();\n    }\n}\n```\n\nOK,如此之後我們的provider模組就算開發完成了。\n\n# 在consumer模組中消費服務\n\n首先在consumer模組中添加相關依賴，要依賴的東西和provider的依賴一樣，這裡我就不再重複貼出代碼。\n然後我們在consumer的spring設定檔中訂閱服務，訂閱方式如下：\n```\n<?xml version=\"1.0\" encoding=\"UTF-8\"?>\n<beans xmlns=\"http://www.springframework.org/schema/beans\"\n       xmlns:xsi=\"http://www.w3.org/2001/XMLSchema-instance\" xmlns:dubbo=\"http://code.alibabatech.com/schema/dubbo\"\n       xsi:schemaLocation=\"http://www.springframework.org/schema/beans http://www.springframework.org/schema/beans/spring-beans.xsd http://code.alibabatech.com/schema/dubbo http://code.alibabatech.com/schema/dubbo/dubbo.xsd\">\n    <dubbo:application name=\"consumer-of-helloworld-app\"/>\n    <!--<dubbo:registry address=\"multicast://224.5.6.7:2181\" check=\"false\"/>-->\n    <dubbo:registry address=\"zookeeper://192.168.248.128:2181\" check=\"false\"/>\n    <dubbo:reference id=\"sayHello\" interface=\"org.sang.SayHello\" check=\"false\"/>\n</beans>\n```\n首先訂閱位址依然是zookeeper的位址，然後註冊一個SayHello的bean，這個bean可以直接在我們的工程中使用。\n一樣，我們還是通過一個main方法來啟動服務消費端：\n```\npublic class Main {\n    public static void main(String[] args) {\n        ClassPathXmlApplicationContext ctx = new ClassPathXmlApplicationContext(\"applicationContext.xml\");\n        SayHello sayHello = (SayHello) ctx.getBean(\"sayHello\");\n        String s = sayHello.sayHello(\"張三\");\n        System.out.println(s);\n    }\n}\n```\n運行結果如下：\n![這裡寫圖片描述](http://img.blog.csdn.net/20170826173218470?watermark/2/text/aHR0cDovL2Jsb2cuY3Nkbi5uZXQvdTAxMjcwMjU0Nw==/font/5a6L5L2T/fontsize/400/fill/I0JBQkFCMA==/dissolve/70/gravity/SouthEast)\n\nOk，至此，一個簡單的案例就完成了，有問題歡迎小夥伴留言討論。\n\n案例下載：[-----------]()（CSDN下載必須設置積分，如果小夥伴們沒有積分，留下郵箱我私發你）\n\n參考資料：http://dubbo.io\n\n更多JavaEE資料請關注公眾號：\n\n![這裡寫圖片描述](http://img.blog.csdn.net/20170826173440218?watermark/2/text/aHR0cDovL2Jsb2cuY3Nkbi5uZXQvdTAxMjcwMjU0Nw==/font/5a6L5L2T/fontsize/400/fill/I0JBQkFCMA==/dissolve/70/gravity/SouthEast)\n\n以上。\n\n', '<p>相信有很多小夥伴都知道，dubbo是一個分散式、高性能、透明化的RPC服務框架，提供服務自動註冊、自動發現等高效服務治理方案，dubbo的中文文檔也是非常全的，中文文檔可以參考這裡**<a href=\"http://dubbo.io/\" target=\"_blank\">dubbo.io</a>**。由於官網的介紹比較簡潔，我這裡打算通過Maven多模組工程再給小夥伴們演示一下用法。</p>\n<p><img src=\"http://localhost:80/blogimg/20171224/f301f919-f191-4e12-9a19-bce8f82a00f0_Image003.png\" alt=\"Image 003.png\" /></p>\n<hr />\n<p>環境：IntelliJ IDEA2017.1</p>\n<hr />\n<p>關於如何在IntelliJ IDEA中創建Maven多模組專案，小夥伴們可以參考之前的博客<a href=\"http://blog.csdn.net/u012702547/article/details/77431765\" target=\"_blank\"> IntelliJ IDEA中創建Web聚合專案(Maven多模組專案) </a>，這裡我就不再贅述。<br />\n這裡我還是以dubbo官方文檔中的例子作為基準，我們來詳細的看看運行過程。</p>\n<h1>創建一個Maven工程</h1>\n<p>IntelliJ中創建Maven工程的方式我這裡就不再多說了，這裡只說一點，工程創建成功之後，將src目錄刪除，因為我們不需要在這個工程下面寫代碼，我們將以這個工程為父工程，然後給它創建多個模組。</p>\n<h1>向創建好的工程中添加模組</h1>\n<p>當我們第一步成功創建了要給Maven工程之後，第二步我們就向這個Maven工程中添加三個模組，分別是common，provider和consumer三個模組，添加完成之後效果如下：<br />\n<img src=\"http://img.blog.csdn.net/20170826153752910?watermark/2/text/aHR0cDovL2Jsb2cuY3Nkbi5uZXQvdTAxMjcwMjU0Nw==/font/5a6L5L2T/fontsize/400/fill/I0JBQkFCMA==/dissolve/70/gravity/SouthEast\" alt=\"這裡寫圖片描述\" /></p>\n<p>provider將作為我們的服務提供者，consumer將作為服務消費者，這兩個好理解，除了這兩個之外我們還需要要給common模組，common模組主要是提供公共介面，供服務提供者和服務消費者使用。</p>\n<h1>向common模組中添加介面</h1>\n<p>在common模組中，添加一個SayHello介面，如下：</p>\n<p><img src=\"http://img.blog.csdn.net/20170826154808445?watermark/2/text/aHR0cDovL2Jsb2cuY3Nkbi5uZXQvdTAxMjcwMjU0Nw==/font/5a6L5L2T/fontsize/400/fill/I0JBQkFCMA==/dissolve/70/gravity/SouthEast\" alt=\"這裡寫圖片描述\" /></p>\n<h1>provider模組依賴common並提供服務</h1>\n<p>1.首先打開provider的pom.xml檔，在其中添加依賴，要添加的依賴有如下四個小類：</p>\n<blockquote>\n<p>1.添加對common模組的依賴<br />\n2.添加對spring的依賴<br />\n3.添加對dubbo的依賴<br />\n4.添加對zookeeper的依賴</p>\n</blockquote>\n<p>如下：</p>\n<pre><code class=\"lang-\">&lt;dependencies&gt;\n        &lt;dependency&gt;\n            &lt;groupId&gt;org.sang&lt;/groupId&gt;\n            &lt;artifactId&gt;common&lt;/artifactId&gt;\n            &lt;version&gt;1.0-SNAPSHOT&lt;/version&gt;\n        &lt;/dependency&gt;\n        &lt;dependency&gt;\n            &lt;groupId&gt;org.springframework&lt;/groupId&gt;\n            &lt;artifactId&gt;spring-web&lt;/artifactId&gt;\n            &lt;version&gt;4.3.10.RELEASE&lt;/version&gt;\n        &lt;/dependency&gt;\n        &lt;dependency&gt;\n            &lt;groupId&gt;com.alibaba&lt;/groupId&gt;\n            &lt;artifactId&gt;dubbo&lt;/artifactId&gt;\n            &lt;version&gt;2.5.3&lt;/version&gt;\n            &lt;exclusions&gt;\n                &lt;exclusion&gt;\n                    &lt;groupId&gt;org.springframework&lt;/groupId&gt;\n                    &lt;artifactId&gt;spring&lt;/artifactId&gt;\n                &lt;/exclusion&gt;\n                &lt;exclusion&gt;\n                    &lt;artifactId&gt;netty&lt;/artifactId&gt;\n                    &lt;groupId&gt;org.jboss.netty&lt;/groupId&gt;\n                &lt;/exclusion&gt;\n            &lt;/exclusions&gt;\n        &lt;/dependency&gt;\n        &lt;dependency&gt;\n            &lt;groupId&gt;org.apache.zookeeper&lt;/groupId&gt;\n            &lt;artifactId&gt;zookeeper&lt;/artifactId&gt;\n            &lt;version&gt;3.4.10&lt;/version&gt;\n        &lt;/dependency&gt;\n        &lt;dependency&gt;\n            &lt;groupId&gt;com.101tec&lt;/groupId&gt;\n            &lt;artifactId&gt;zkclient&lt;/artifactId&gt;\n            &lt;version&gt;0.10&lt;/version&gt;\n        &lt;/dependency&gt;\n    &lt;/dependencies&gt;\n</code></pre>\n<p>然後在provider中實現common模組的介面，如下：</p>\n<pre><code class=\"lang-\">public class SayHelloImpl implements SayHello {\n    public String sayHello(String name) {\n        return &quot;Hello &quot;+name;\n    }\n}\n</code></pre>\n<p>然後我們需要在provider的spring設定檔中暴露服務，如下：</p>\n<pre><code class=\"lang-\">&lt;?xml version=&quot;1.0&quot; encoding=&quot;UTF-8&quot;?&gt;\n&lt;beans xmlns=&quot;http://www.springframework.org/schema/beans&quot;\n       xmlns:xsi=&quot;http://www.w3.org/2001/XMLSchema-instance&quot; xmlns:dubbo=&quot;http://code.alibabatech.com/schema/dubbo&quot;\n       xsi:schemaLocation=&quot;http://www.springframework.org/schema/beans http://www.springframework.org/schema/beans/spring-beans.xsd http://code.alibabatech.com/schema/dubbo http://code.alibabatech.com/schema/dubbo/dubbo.xsd&quot;&gt;\n&lt;dubbo:application name=&quot;hello-world-app&quot;&gt;&lt;/dubbo:application&gt;\n    &lt;!--&lt;dubbo:registry address=&quot;multicast://224.5.6.7:2181&quot;/&gt;--&gt;\n    &lt;dubbo:registry address=&quot;zookeeper://192.168.248.128:2181&quot;/&gt;\n    &lt;dubbo:protocol name=&quot;dubbo&quot; port=&quot;20880&quot;/&gt;\n    &lt;dubbo:service interface=&quot;org.sang.SayHello&quot; ref=&quot;sayHelloImpl&quot;/&gt;\n    &lt;bean id=&quot;sayHelloImpl&quot; class=&quot;org.sang.SayHelloImpl&quot;/&gt;\n&lt;/beans&gt;\n</code></pre>\n<p>這裡我採用了dubbo推薦的註冊中心zookeeper，關於Linux上zookeeper的安裝小夥伴們可以參考<a href=\"http://blog.csdn.net/u012702547/article/details/77569325\" target=\"_blank\">Linux上安裝Zookeeper以及一些注意事項</a>。<br />\n註冊位址就是你安裝zookeeper的伺服器位址，然後將服務的介面暴露出來即可。</p>\n<p>最後我們採用一個main方法將provider跑起來，如下：</p>\n<pre><code class=\"lang-\">public class Main {\n    public static void main(String[] args) throws IOException {\n        ClassPathXmlApplicationContext ctx = new ClassPathXmlApplicationContext(&quot;applicationContext.xml&quot;);\n        ctx.start();\n        System.in.read();\n    }\n}\n</code></pre>\n<p>OK,如此之後我們的provider模組就算開發完成了。</p>\n<h1>在consumer模組中消費服務</h1>\n<p>首先在consumer模組中添加相關依賴，要依賴的東西和provider的依賴一樣，這裡我就不再重複貼出代碼。<br />\n然後我們在consumer的spring設定檔中訂閱服務，訂閱方式如下：</p>\n<pre><code class=\"lang-\">&lt;?xml version=&quot;1.0&quot; encoding=&quot;UTF-8&quot;?&gt;\n&lt;beans xmlns=&quot;http://www.springframework.org/schema/beans&quot;\n       xmlns:xsi=&quot;http://www.w3.org/2001/XMLSchema-instance&quot; xmlns:dubbo=&quot;http://code.alibabatech.com/schema/dubbo&quot;\n       xsi:schemaLocation=&quot;http://www.springframework.org/schema/beans http://www.springframework.org/schema/beans/spring-beans.xsd http://code.alibabatech.com/schema/dubbo http://code.alibabatech.com/schema/dubbo/dubbo.xsd&quot;&gt;\n    &lt;dubbo:application name=&quot;consumer-of-helloworld-app&quot;/&gt;\n    &lt;!--&lt;dubbo:registry address=&quot;multicast://224.5.6.7:2181&quot; check=&quot;false&quot;/&gt;--&gt;\n    &lt;dubbo:registry address=&quot;zookeeper://192.168.248.128:2181&quot; check=&quot;false&quot;/&gt;\n    &lt;dubbo:reference id=&quot;sayHello&quot; interface=&quot;org.sang.SayHello&quot; check=&quot;false&quot;/&gt;\n&lt;/beans&gt;\n</code></pre>\n<p>首先訂閱位址依然是zookeeper的位址，然後註冊一個SayHello的bean，這個bean可以直接在我們的工程中使用。<br />\n一樣，我們還是通過一個main方法來啟動服務消費端：</p>\n<pre><code class=\"lang-\">public class Main {\n    public static void main(String[] args) {\n        ClassPathXmlApplicationContext ctx = new ClassPathXmlApplicationContext(&quot;applicationContext.xml&quot;);\n        SayHello sayHello = (SayHello) ctx.getBean(&quot;sayHello&quot;);\n        String s = sayHello.sayHello(&quot;張三&quot;);\n        System.out.println(s);\n    }\n}\n</code></pre>\n<p>運行結果如下：<br />\n<img src=\"http://img.blog.csdn.net/20170826173218470?watermark/2/text/aHR0cDovL2Jsb2cuY3Nkbi5uZXQvdTAxMjcwMjU0Nw==/font/5a6L5L2T/fontsize/400/fill/I0JBQkFCMA==/dissolve/70/gravity/SouthEast\" alt=\"這裡寫圖片描述\" /></p>\n<p>Ok，至此，一個簡單的案例就完成了，有問題歡迎小夥伴留言討論。</p>\n<p>案例下載：<a href=\"\" target=\"_blank\">-----------</a>（CSDN下載必須設置積分，如果小夥伴們沒有積分，留下郵箱我私發你）</p>\n<p>參考資料：http://dubbo.io</p>\n<p>更多JavaEE資料請關注公眾號：</p>\n<p><img src=\"http://img.blog.csdn.net/20170826173440218?watermark/2/text/aHR0cDovL2Jsb2cuY3Nkbi5uZXQvdTAxMjcwMjU0Nw==/font/5a6L5L2T/fontsize/400/fill/I0JBQkFCMA==/dissolve/70/gravity/SouthEast\" alt=\"這裡寫圖片描述\" /></p>\n<p>以上。</p>\n', '相信有很多小夥伴都知道，dubbo是一個分散式、高性能、透明化的RPC服務框架，提供服務自動註冊、自', '56', '6', '2017-12-24 09:35:06', '2017-12-24 09:35:06', '1', '0');
INSERT INTO `article` VALUES ('111', 'WebSocket刨根問底(一)', '年初的時候，寫過兩篇博客介紹在Spring Boot中如何使用WebSocket發送消息【[在Spring Boot框架下使用WebSocket實現消息推送](http://blog.csdn.net/u012702547/article/details/53816326)】【[在Spring Boot框架下使用WebSocket實現聊天功能](http://blog.csdn.net/u012702547/article/details/53835453)】，最近看到很多小夥伴對WebSocket的討論還比較火熱，so，打算寫幾篇文章來系統的介紹下websocket。OK，廢話不多說，下面開始我們的正文。\n\n---\n# 為什麼要有WebSocket這個技術\n\n大家都知道，HTML頁面在剛剛開始出現的時候是靜態的，不能夠進行交互，後來有了JavaScript，在一定程度上解決了這個問題，但是JavaScript剛出現的時候並不能和服務端進行交互，直到Ajax的出現。Ajax有效的解決了頁面和服務端進行交互的問題，不過Ajax有一個問題，就是所有的請求都必須由用戶端發起，服務端進行回應，如果服務端有最新的消息，難以即時的發送到用戶端去，在WebSocket技術出現之前，為了讓用戶端能夠即時的獲取服務端的資料，一般採用如下三種方案：\n## 輪詢\n這是最簡單的一種解決方案， 就是用戶端在固定的時間間隔下（一般是1秒）不停的向伺服器端發送請求，查看服務端是否有最新的資料，服務端如果有最新的資料則返回給用戶端，服務端如果沒有則返回一個空的json或者xml文檔，這種方式的實現起來簡單，但是弊端也很明顯，就是會有大量的無效請求，服務端的資源被大大的浪費了。\n## 長連接\n長連接有點類似於輪詢，不同的是服務端不是每次都會回應用戶端的請求，只有在服務端有最新資料的時候才會回應用戶端的請求，這種方式很明顯會節省網路資源和服務端資源，但是也存在一些問題，比如：\n>1.如果流覽器在伺服器回應之前有新資料要發送就只能創建一個新的併發請求，或者先嘗試斷掉當前請求然後再創建新的請求。  \n>2.TCP和HTTP規範中都有連接逾時一說，所以所謂的長連接並不能一直持續，服務端和用戶端的連接需要定期的連接和關閉再連接，當然也有一些技術能夠延長每次連接的時間，這是題外話。  \n\n## Applet和Flash\nApplet和Flash都已經是明日黃花了，不過這兩個技術在當年除了可以讓我們的HTML頁面更加絢麗之外，還可以解決消息推送問題。在Ajax這種技術去實現全雙工通信已經陷入困境的時候，開發者試圖用Applet和Flash來模擬全雙工通信，開發者可以創建一個只有1個圖元點大小的普通透明的Applet或者Flash，然後將之內嵌在頁面中， 然後這個Applet或者Flash中的代碼創建出一個Socket連接，這種連接方式消除了HTTP協定中的各種限制，當伺服器有消息發送到用戶端的時候，開發者可以在Applet或者Flash中調用JavaScript函數，並將伺服器傳來的消息傳遞給JavaScript函數，然後更新頁面，當流覽器有資料要發送給伺服器的時候，也一樣，通過Applet或者Flash來傳遞。這種方式真正的實現了全雙工通信，不過也有問題，如下：\n>1.流覽器必須能夠運行Java或者Flash  \n>2.無論是Applet還是Flash都存在安全問題  \n>3.隨著HTML5在標準在流覽器中廣泛支持，Flash下架已經被提上日程([\n終於要放棄，Adobe宣佈2020年正式停止支持Flash](http://tech.163.com/17/0726/07/CQ8M4HT200097U7T.html))  \n\n# WebSocket有哪些特點\n\n既然上面這些技術都不行，那麼誰行？當然是我WebSocket了！\n\n## HTTP/1.1的升級特性\n要說WebSocket協議，我們得先來說說HTTP協議的一個請求頭，事實上，所有的HTTP用戶端（流覽器、移動端等）都可以在請求頭中包含Connection:Upgrade，這個表示用戶端希望升級請求協議，那麼希望升級成什麼樣的協議呢？我們需要在Upgrade頭中指定一個或者多個協議的清單，當然這些協定必須相容HTTP/1.1協定。伺服器收到請求之後，如果接受升級請求，那麼將會返回一個101的狀態碼，表示轉換請求協議，同時在回應的Upgrade頭中使用單個值，這個單個值就是請求協定清單中伺服器支援的第一個協定（即請求頭的Upgrade欄位中列出來的協定清單中伺服器支援的第一個協定）。  \nHTTP升級最大的好處是最終使我們可以使用任意的協議，在升級握手完成之後，它就不再使用HTTP連接了，我們甚至可以在升級握手完成之後建立一個Socket連接，理論上我們可以使用HTTP升級在兩個端點之間使用任何自己設計的協議，進而創建出各種各樣的TCP通信，當然流覽器不會讓開發者隨意去這麼做，而是要指定某些協議，WebSocket應運而生！\n我們來看一個截圖：  \n![這裡寫圖片描述](http://img.blog.csdn.net/20170827204229481?watermark/2/text/aHR0cDovL2Jsb2cuY3Nkbi5uZXQvdTAxMjcwMjU0Nw==/font/5a6L5L2T/fontsize/400/fill/I0JBQkFCMA==/dissolve/70/gravity/SouthEast)\n## 使用HTTP/1.1升級的WebSocket協定\nOK，瞭解了HTTP/1.1協議的升級特性之後，我們再來詳細看看整個過程是怎麼樣的？  \n一個WebSocket請求首先使用非正常的HTTP請求以特定的模式訪問一個URL，這個URL有兩種模式，分別是ws和wss，對應HTTP協議中的http和https，請求頭中除了Connection:Upgrade之外還有一個Upgrade:websocket,它們兩個將共同告訴伺服器將連接升級為WebSocket這樣一種全雙工協議。如此，在握手完成之後，文本消息或者其他二進位消息就可以同時在兩個方向上進行發送，而不需要關閉和重建連接。此時的用戶端和服務端關係其實是對等的，他們都可以互相向對方主動發消息。那麼這裡有一點需要注意：那就是ws和wss模式並不能算作HTTP協定的一部分，因為HTTP請求和請求頭並不包含URL模式，HTTP請求只在請求的第一行中包含相對於伺服器的URL，在Host頭中包含功能變數名稱，而WebSocket中特有的ws和wss模式主要用於通知流覽器和API是希望使用SSL/TLS(wss)，還是希望使用不加密的方式(ws)進行連接。\n## WebSocket協議的優勢\n說了這麼多，那麼接下來我們來看看WebSocket協議都有哪些優勢：\n>1.由於WebSocket連接在埠80(ws)或者443(wss)上創建，與HTTP使用的埠相同，這樣，基本上所有的防火牆都不會阻塞WebSocket連接  \n\n>2.WebSocket使用HTTP協議進行握手，因此它可以自然而然的集成到網路流覽器和HTTP伺服器中  \n\n>3.心跳消息(ping和pong)將被反復的發送，進而保持WebSocket連接幾乎一直處於活躍狀態。一般來說是這樣，一個節點週期性的發送一個小資料包到另外一個節點(ping)，而另一個節點則使用了包含了相同資料的資料包作為回應(pong),這樣兩個節點都將處於連接狀態  \n\n>4.使用該協定，當消息啟動或者到達的時候，服務端和用戶端都可以知道  \n\n>5.WebSocket連接關閉時將發送一個特殊的關閉消息  \n\n>6.WebSocket支援跨域，可以避免Ajax的限制  \n\n>7.HTTP規範要求流覽器將併發連接數限制為每個主機名稱兩個連接，但是當我們使用WebSocket的時候，當握手完成之後該限制就不存在了，因為此時的連接已經不再是HTTP連接了  \n## WebSocket協議的用途\n\n說了這麼多那麼WebSocket協議到底可以用在哪些地方呢？事實上，WebSocket協議的用途幾乎是沒有限制的，比如：\n\n>1.網頁上的線上聊天   \n\n>2.多人線上遊戲   \n\n>3.線上股票網站   \n\n>4.線上即時新聞網站   \n\n>5.高清視頻流   \n\n>6.應用集群之間的通信  \n\n>7.遠端系統/軟體的狀態和性能的即時監控 \n\n\n# 結語  \n\n說了這麼多，可能很多小夥伴覺得這個WebSocket貌似用起來很麻煩，其實不麻煩，所有的東西都有對應的API來幫助我們實現，<big>**小夥伴們稍安勿躁，我們將在下篇文章中來介紹WebSocket的實戰應用。**</big>\n\n參考資料：《JavaEE 程式設計》\n\n更多JavaEE資料請關注公眾號  \n![這裡寫圖片描述](http://img.blog.csdn.net/20170827204306560?watermark/2/text/aHR0cDovL2Jsb2cuY3Nkbi5uZXQvdTAxMjcwMjU0Nw==/font/5a6L5L2T/fontsize/400/fill/I0JBQkFCMA==/dissolve/70/gravity/SouthEast)\n\n以上。\n', '<p>年初的時候，寫過兩篇博客介紹在Spring Boot中如何使用WebSocket發送消息【<a href=\"http://blog.csdn.net/u012702547/article/details/53816326\" target=\"_blank\">在Spring Boot框架下使用WebSocket實現消息推送</a>】【<a href=\"http://blog.csdn.net/u012702547/article/details/53835453\" target=\"_blank\">在Spring Boot框架下使用WebSocket實現聊天功能</a>】，最近看到很多小夥伴對WebSocket的討論還比較火熱，so，打算寫幾篇文章來系統的介紹下websocket。OK，廢話不多說，下面開始我們的正文。</p>\n<hr />\n<h1>為什麼要有WebSocket這個技術</h1>\n<p>大家都知道，HTML頁面在剛剛開始出現的時候是靜態的，不能夠進行交互，後來有了JavaScript，在一定程度上解決了這個問題，但是JavaScript剛出現的時候並不能和服務端進行交互，直到Ajax的出現。Ajax有效的解決了頁面和服務端進行交互的問題，不過Ajax有一個問題，就是所有的請求都必須由用戶端發起，服務端進行回應，如果服務端有最新的消息，難以即時的發送到用戶端去，在WebSocket技術出現之前，為了讓用戶端能夠即時的獲取服務端的資料，一般採用如下三種方案：</p>\n<h2>輪詢</h2>\n<p>這是最簡單的一種解決方案， 就是用戶端在固定的時間間隔下（一般是1秒）不停的向伺服器端發送請求，查看服務端是否有最新的資料，服務端如果有最新的資料則返回給用戶端，服務端如果沒有則返回一個空的json或者xml文檔，這種方式的實現起來簡單，但是弊端也很明顯，就是會有大量的無效請求，服務端的資源被大大的浪費了。</p>\n<h2>長連接</h2>\n<p>長連接有點類似於輪詢，不同的是服務端不是每次都會回應用戶端的請求，只有在服務端有最新資料的時候才會回應用戶端的請求，這種方式很明顯會節省網路資源和服務端資源，但是也存在一些問題，比如：</p>\n<blockquote>\n<p>1.如果流覽器在伺服器回應之前有新資料要發送就只能創建一個新的併發請求，或者先嘗試斷掉當前請求然後再創建新的請求。<br />\n2.TCP和HTTP規範中都有連接逾時一說，所以所謂的長連接並不能一直持續，服務端和用戶端的連接需要定期的連接和關閉再連接，當然也有一些技術能夠延長每次連接的時間，這是題外話。</p>\n</blockquote>\n<h2>Applet和Flash</h2>\n<p>Applet和Flash都已經是明日黃花了，不過這兩個技術在當年除了可以讓我們的HTML頁面更加絢麗之外，還可以解決消息推送問題。在Ajax這種技術去實現全雙工通信已經陷入困境的時候，開發者試圖用Applet和Flash來模擬全雙工通信，開發者可以創建一個只有1個圖元點大小的普通透明的Applet或者Flash，然後將之內嵌在頁面中， 然後這個Applet或者Flash中的代碼創建出一個Socket連接，這種連接方式消除了HTTP協定中的各種限制，當伺服器有消息發送到用戶端的時候，開發者可以在Applet或者Flash中調用JavaScript函數，並將伺服器傳來的消息傳遞給JavaScript函數，然後更新頁面，當流覽器有資料要發送給伺服器的時候，也一樣，通過Applet或者Flash來傳遞。這種方式真正的實現了全雙工通信，不過也有問題，如下：</p>\n<blockquote>\n<p>1.流覽器必須能夠運行Java或者Flash<br />\n2.無論是Applet還是Flash都存在安全問題<br />\n3.隨著HTML5在標準在流覽器中廣泛支持，Flash下架已經被提上日程(<a href=\"http://tech.163.com/17/0726/07/CQ8M4HT200097U7T.html\" target=\"_blank\"><br />\n終於要放棄，Adobe宣佈2020年正式停止支持Flash</a>)</p>\n</blockquote>\n<h1>WebSocket有哪些特點</h1>\n<p>既然上面這些技術都不行，那麼誰行？當然是我WebSocket了！</p>\n<h2>HTTP/1.1的升級特性</h2>\n<p>要說WebSocket協議，我們得先來說說HTTP協議的一個請求頭，事實上，所有的HTTP用戶端（流覽器、移動端等）都可以在請求頭中包含Connection:Upgrade，這個表示用戶端希望升級請求協議，那麼希望升級成什麼樣的協議呢？我們需要在Upgrade頭中指定一個或者多個協議的清單，當然這些協定必須相容HTTP/1.1協定。伺服器收到請求之後，如果接受升級請求，那麼將會返回一個101的狀態碼，表示轉換請求協議，同時在回應的Upgrade頭中使用單個值，這個單個值就是請求協定清單中伺服器支援的第一個協定（即請求頭的Upgrade欄位中列出來的協定清單中伺服器支援的第一個協定）。<br />\nHTTP升級最大的好處是最終使我們可以使用任意的協議，在升級握手完成之後，它就不再使用HTTP連接了，我們甚至可以在升級握手完成之後建立一個Socket連接，理論上我們可以使用HTTP升級在兩個端點之間使用任何自己設計的協議，進而創建出各種各樣的TCP通信，當然流覽器不會讓開發者隨意去這麼做，而是要指定某些協議，WebSocket應運而生！<br />\n我們來看一個截圖：<br />\n<img src=\"http://img.blog.csdn.net/20170827204229481?watermark/2/text/aHR0cDovL2Jsb2cuY3Nkbi5uZXQvdTAxMjcwMjU0Nw==/font/5a6L5L2T/fontsize/400/fill/I0JBQkFCMA==/dissolve/70/gravity/SouthEast\" alt=\"這裡寫圖片描述\" /></p>\n<h2>使用HTTP/1.1升級的WebSocket協定</h2>\n<p>OK，瞭解了HTTP/1.1協議的升級特性之後，我們再來詳細看看整個過程是怎麼樣的？<br />\n一個WebSocket請求首先使用非正常的HTTP請求以特定的模式訪問一個URL，這個URL有兩種模式，分別是ws和wss，對應HTTP協議中的http和https，請求頭中除了Connection:Upgrade之外還有一個Upgrade:websocket,它們兩個將共同告訴伺服器將連接升級為WebSocket這樣一種全雙工協議。如此，在握手完成之後，文本消息或者其他二進位消息就可以同時在兩個方向上進行發送，而不需要關閉和重建連接。此時的用戶端和服務端關係其實是對等的，他們都可以互相向對方主動發消息。那麼這裡有一點需要注意：那就是ws和wss模式並不能算作HTTP協定的一部分，因為HTTP請求和請求頭並不包含URL模式，HTTP請求只在請求的第一行中包含相對於伺服器的URL，在Host頭中包含功能變數名稱，而WebSocket中特有的ws和wss模式主要用於通知流覽器和API是希望使用SSL/TLS(wss)，還是希望使用不加密的方式(ws)進行連接。</p>\n<h2>WebSocket協議的優勢</h2>\n<p>說了這麼多，那麼接下來我們來看看WebSocket協議都有哪些優勢：</p>\n<blockquote>\n<p>1.由於WebSocket連接在埠80(ws)或者443(wss)上創建，與HTTP使用的埠相同，這樣，基本上所有的防火牆都不會阻塞WebSocket連接</p>\n</blockquote>\n<blockquote>\n<p>2.WebSocket使用HTTP協議進行握手，因此它可以自然而然的集成到網路流覽器和HTTP伺服器中</p>\n</blockquote>\n<blockquote>\n<p>3.心跳消息(ping和pong)將被反復的發送，進而保持WebSocket連接幾乎一直處於活躍狀態。一般來說是這樣，一個節點週期性的發送一個小資料包到另外一個節點(ping)，而另一個節點則使用了包含了相同資料的資料包作為回應(pong),這樣兩個節點都將處於連接狀態</p>\n</blockquote>\n<blockquote>\n<p>4.使用該協定，當消息啟動或者到達的時候，服務端和用戶端都可以知道</p>\n</blockquote>\n<blockquote>\n<p>5.WebSocket連接關閉時將發送一個特殊的關閉消息</p>\n</blockquote>\n<blockquote>\n<p>6.WebSocket支援跨域，可以避免Ajax的限制</p>\n</blockquote>\n<blockquote>\n<p>7.HTTP規範要求流覽器將併發連接數限制為每個主機名稱兩個連接，但是當我們使用WebSocket的時候，當握手完成之後該限制就不存在了，因為此時的連接已經不再是HTTP連接了</p>\n</blockquote>\n<h2>WebSocket協議的用途</h2>\n<p>說了這麼多那麼WebSocket協議到底可以用在哪些地方呢？事實上，WebSocket協議的用途幾乎是沒有限制的，比如：</p>\n<blockquote>\n<p>1.網頁上的線上聊天</p>\n</blockquote>\n<blockquote>\n<p>2.多人線上遊戲</p>\n</blockquote>\n<blockquote>\n<p>3.線上股票網站</p>\n</blockquote>\n<blockquote>\n<p>4.線上即時新聞網站</p>\n</blockquote>\n<blockquote>\n<p>5.高清視頻流</p>\n</blockquote>\n<blockquote>\n<p>6.應用集群之間的通信</p>\n</blockquote>\n<blockquote>\n<p>7.遠端系統/軟體的狀態和性能的即時監控</p>\n</blockquote>\n<h1>結語</h1>\n<p>說了這麼多，可能很多小夥伴覺得這個WebSocket貌似用起來很麻煩，其實不麻煩，所有的東西都有對應的API來幫助我們實現，<big><strong>小夥伴們稍安勿躁，我們將在下篇文章中來介紹WebSocket的實戰應用。</strong></big></p>\n<p>參考資料：《JavaEE 程式設計》</p>\n<p>更多JavaEE資料請關注公眾號<br />\n<img src=\"http://img.blog.csdn.net/20170827204306560?watermark/2/text/aHR0cDovL2Jsb2cuY3Nkbi5uZXQvdTAxMjcwMjU0Nw==/font/5a6L5L2T/fontsize/400/fill/I0JBQkFCMA==/dissolve/70/gravity/SouthEast\" alt=\"這裡寫圖片描述\" /></p>\n<p>以上。</p>\n', '年初的時候，寫過兩篇博客介紹在Spring Boot中如何使用WebSocket發送消息【在Spri', '60', '6', '2017-12-21 22:33:31', '2017-12-21 22:33:31', '1', '0');
INSERT INTO `article` VALUES ('112', 'WebSocket刨根問底(二)', '上篇文章【[WebSocket刨根問底(一)](http://blog.csdn.net/u012702547/article/details/77621195)】中我們對WebSocket的一些基本理論進行了介紹，但是並沒有過多的涉及到一些實戰的內容，今天我希望能夠用幾個簡單的案例來向小夥伴們展示下WebSocket的一些具體用法。\n# WebSocket API有哪些\n首先有一點小夥伴們需要明確，那就是WebSocket並不總是用在流覽器和伺服器的通信中，只要任意兩個使用框架編寫，支援WebSocket的應用程式都可以創建WebSocket連接進行通信，基於此，許多WebSocket實現在用戶端或者伺服器終端工具中都是可用的，比如Java或者***.***NET等。我們這裡主要是介紹Java WebSocket和javascript中的websocket的使用，js中websocket的使用這個好理解，就是扮演一個用戶端的角色，Java中的WebSocket分兩種角色，一種是Java用戶端終端的WebSocket（作用類似於JavaScript中的WebSocket），還有一種角色是Java伺服器終端。本文主要介紹javascript中websocket的使用以及java伺服器終端中websocket的使用，java用戶端使用websocket這種情形並不多見，不在本文討論的範圍之內。\n# JavaScript中WebSocket的使用\n目前基本上只要的流覽器不是古董級的，基本上都支持WebSocket了，w3c目前已經統一了流覽器中websocket通信的標準和介面，所有的流覽器都通過WebSocket介面的實現提供WebSocket通信。舉幾個簡單的API我們來看看：  \n\n## 1.創建一個WebSocket物件  \n```\nvar webSocket = new WebSocket(\"ws://localhost/myws\");\n```  \n## 2.WebSocket中幾個常見屬性  \nreadyState表示當前WebSocket的連接狀態，有四種不同的取值,分別是CONNECTING(0),OPEN(1),CLOSING(2)和CLOSED(3)  \n```if(webSocket.readyState==WebSocket.OPEN){/*do something*/}```  \n\n\n## 3.幾個常見方法 \n\n``` \n	\n	webSocket.onopen=function (event) {\n    	//連接成功時觸發    \n    }\n    webSocket.onclose=function (event) {\n    	//連接關閉時觸發    \n    }\n    webSocket.onerror=function (event) {\n    	//連接出錯時觸發    \n    }\n    webSocket.onmessage=function (event) {\n    	//收到消息時觸發    \n    }\n\n\n```\n\n# Java服務端中WebSocket的使用\n\nJava服務端中WebSocket 的使用有幾個點需要注意下，首先Java服務端的WebSocket想要使用，你的Tomcat必須得是Tomcat7以上的版本，Tomcat7才開始了對WebSocket的支持，不過這個條件想必小夥伴們都能滿足吧！Java服務端WebSocket的使用主要是有幾個注解需要我們瞭解下用法。如下：  \n\n```\n\n    @ServerEndpoint(\"/myws\")\n    public class WebSocketServer {\n	    @OnMessage\n	    public void onMessage(String message, Session session) throws IOException {\n	        System.out.println(\"收到了用戶端發來的消息：\" + message);\n	        session.getBasicRemote().sendText(\"服務端返回：\" + message);\n	    }\n	\n	    @OnOpen\n	    public void onOpen(Session session) throws IOException {\n	        System.out.println(\"用戶端連接成功\");\n	    }\n	\n	    @OnClose\n	    public void onClose(Session session) throws IOException {\n	        session.getBasicRemote().sendText(\"連接關閉\");\n	        System.out.println(\"連接關閉\");\n	    }\n    }\n\n```\n\n關於這個類我說如下幾點：\n>1.@ServerEndPoint注解表示將該類升級為一個WebSocket服務端點  \n>2.@OnMessage注解表示收到用戶端發來的消息時觸發  \n>3.@OnOpen注解表示當用戶端連接上服務端時觸發  \n>4.@OnClose注解表示當連接關閉時觸發  \n\n---\nOK，經過上面的介紹，我們對WebSocket的API已經有了一個大概的瞭解，那麼接下來我們就來通過一個簡單的案例來看看WebSocket的使用。\n\n# 一個簡單的互發消息的案例\n## 創建工程\n首先創建一個普通的Java Web工程，正常情況下我們創建一個Java Web工程，這個工程如下：  \n\n![這裡寫圖片描述](http://img.blog.csdn.net/20170828205157703?watermark/2/text/aHR0cDovL2Jsb2cuY3Nkbi5uZXQvdTAxMjcwMjU0Nw==/font/5a6L5L2T/fontsize/400/fill/I0JBQkFCMA==/dissolve/70/gravity/SouthEast)\n\n大家看到這個工程中是引用的Tomcat是只引用了Tomcat中的兩個Jar包，websocket的jar預設情況下並沒有引入，這個需要我們自己手動引入，引入方式也很簡單，如下：\n\n1.選中當前工程，按右鍵，點擊open module setting，打開工程的設置頁面：  \n\n![這裡寫圖片描述](http://img.blog.csdn.net/20170828205247335?watermark/2/text/aHR0cDovL2Jsb2cuY3Nkbi5uZXQvdTAxMjcwMjU0Nw==/font/5a6L5L2T/fontsize/400/fill/I0JBQkFCMA==/dissolve/70/gravity/SouthEast)\n\n2.找到Tomcat資料夾下的lib包中的websocket的jar添加進來即可，如下：  \n\n![這裡寫圖片描述](http://img.blog.csdn.net/20170828205434340?watermark/2/text/aHR0cDovL2Jsb2cuY3Nkbi5uZXQvdTAxMjcwMjU0Nw==/font/5a6L5L2T/fontsize/400/fill/I0JBQkFCMA==/dissolve/70/gravity/SouthEast)\n\n3.添加之後，我們的現在的工程是這個樣子的：  \n\n![這裡寫圖片描述](http://img.blog.csdn.net/20170828205612465?watermark/2/text/aHR0cDovL2Jsb2cuY3Nkbi5uZXQvdTAxMjcwMjU0Nw==/font/5a6L5L2T/fontsize/400/fill/I0JBQkFCMA==/dissolve/70/gravity/SouthEast)\n\n## 創建HTML頁面\n創建HTML頁面，編寫JavaScript中的websocket邏輯，頁面顯示如下：  \n\n![這裡寫圖片描述](http://img.blog.csdn.net/20170828205917224?watermark/2/text/aHR0cDovL2Jsb2cuY3Nkbi5uZXQvdTAxMjcwMjU0Nw==/font/5a6L5L2T/fontsize/400/fill/I0JBQkFCMA==/dissolve/70/gravity/SouthEast)\n\n首先我們點擊連接按鈕連接上服務端，然後再點擊發送按鈕向服務端發送消息，代碼如下：\n\n```\n<!DOCTYPE html>\n<html lang=\"en\">\n<head>\n    <meta charset=\"UTF-8\">\n    <title>ws頁面</title>\n    <script src=\"jquery-3.2.1.js\"></script>\n</head>\n<body>\n<input type=\"button\" value=\"連接\" id=\"btnClick1\"><br>\n<input type=\"text\" id=\"msg\"><input type=\"button\" value=\"發送\" id=\"btnClick2\">\n</div>\n<div id=\"resultDiv\"></div>\n<script>\n    var webSocket;\n\n    $(\"#btnClick2\").click(function () {\n        var msg = $(\"#msg\").val();\n        $(\"#resultDiv\").append(\"<p>發送消息:\" + msg+\"</p>\");\n        webSocket.send(msg)\n    });\n    $(\"#btnClick1\").click(function () {\n        $(\"#resultDiv\").append(\"<p>開始連接服務端!</p>\");\n        webSocket = new WebSocket(\"ws://localhost/myws\");\n        webSocket.onerror = function (event) {\n            $(\"#resultDiv\").append(\"<p>onerror:\" + event.data + \"</p>\");\n        }\n        webSocket.onopen = function (event) {\n            $(\"#resultDiv\").append(\"<p>連接成功！</p>\");\n        }\n        webSocket.onmessage = function (event) {\n            $(\"#resultDiv\").append(\"<p>onmessage:\" + event.data + \"</p>\");\n        }\n    });\n\n</script>\n</body>\n</html>\n```\n\n這裡涉及到的API的含義我們在上文已經介紹過，這裡就不再贅述。\n\n## 創建服務端  \n服務端也比較簡單，如下：\n\n```\n@ServerEndpoint(\"/myws\")\npublic class WebSocketServer {\n    @OnMessage\n    public void onMessage(String message, Session session) throws IOException {\n        System.out.println(\"收到了用戶端發來的消息：\" + message);\n        session.getBasicRemote().sendText(\"服務端返回：\" + message);\n    }\n\n    @OnOpen\n    public void onOpen(Session session) throws IOException {\n        System.out.println(\"用戶端連接成功\");\n    }\n\n    @OnClose\n    public void onClose(Session session) throws IOException {\n        session.getBasicRemote().sendText(\"連接關閉\");\n        System.out.println(\"連接關閉\");\n    }\n}\n```\n\n服務端API的含義我們上文也已經介紹過了，這裡我再補充一個小問題，小夥伴們可能看到我們不同的方法裡邊都有參數，參數的個數和類型都有差異，實際上這裡的參數是可變的，這裡的具體資訊我們會在下一篇文章中詳說，這裡先這樣來寫。  \n\nOk，我們的代碼寫完了。\n\n## 部署測試\n工程的運行就像普通的JavaWeb工程那樣，直接運行即可，運行之後，打開html頁面，效果如下：  \n\n![這裡寫圖片描述](http://img.blog.csdn.net/20170828211153828?watermark/2/text/aHR0cDovL2Jsb2cuY3Nkbi5uZXQvdTAxMjcwMjU0Nw==/font/5a6L5L2T/fontsize/400/fill/I0JBQkFCMA==/dissolve/70/gravity/SouthEast)\n\nOK，本文先說到這裡，下篇文章我們再來詳細介紹一個群聊的應用，繼續深入使用WebSocket。\n\n工程下載：（由於CSDN下載現在必須要積分，不得已設置了1分，如果小夥伴沒有積分，文末留言我發給你。）\n\n更多JavaEE資料請關注公眾號：  \n\n![這裡寫圖片描述](http://img.blog.csdn.net/20170828211355113?watermark/2/text/aHR0cDovL2Jsb2cuY3Nkbi5uZXQvdTAxMjcwMjU0Nw==/font/5a6L5L2T/fontsize/400/fill/I0JBQkFCMA==/dissolve/70/gravity/SouthEast)\n\n以上。。\n\n', '<p>上篇文章【<a href=\"http://blog.csdn.net/u012702547/article/details/77621195\" target=\"_blank\">WebSocket刨根問底(一)</a>】中我們對WebSocket的一些基本理論進行了介紹，但是並沒有過多的涉及到一些實戰的內容，今天我希望能夠用幾個簡單的案例來向小夥伴們展示下WebSocket的一些具體用法。</p>\n<h1>WebSocket API有哪些</h1>\n<p>首先有一點小夥伴們需要明確，那就是WebSocket並不總是用在流覽器和伺服器的通信中，只要任意兩個使用框架編寫，支援WebSocket的應用程式都可以創建WebSocket連接進行通信，基於此，許多WebSocket實現在用戶端或者伺服器終端工具中都是可用的，比如Java或者***.***NET等。我們這裡主要是介紹Java WebSocket和javascript中的websocket的使用，js中websocket的使用這個好理解，就是扮演一個用戶端的角色，Java中的WebSocket分兩種角色，一種是Java用戶端終端的WebSocket（作用類似於JavaScript中的WebSocket），還有一種角色是Java伺服器終端。本文主要介紹javascript中websocket的使用以及java伺服器終端中websocket的使用，java用戶端使用websocket這種情形並不多見，不在本文討論的範圍之內。</p>\n<h1>JavaScript中WebSocket的使用</h1>\n<p>目前基本上只要的流覽器不是古董級的，基本上都支持WebSocket了，w3c目前已經統一了流覽器中websocket通信的標準和介面，所有的流覽器都通過WebSocket介面的實現提供WebSocket通信。舉幾個簡單的API我們來看看：</p>\n<h2>1.創建一個WebSocket物件</h2>\n<pre><code class=\"lang-\">var webSocket = new WebSocket(&quot;ws://localhost/myws&quot;);\n</code></pre>\n<h2>2.WebSocket中幾個常見屬性</h2>\n<p>readyState表示當前WebSocket的連接狀態，有四種不同的取值,分別是CONNECTING(0),OPEN(1),CLOSING(2)和CLOSED(3)<br />\n<code>if(webSocket.readyState==WebSocket.OPEN){/*do something*/}</code></p>\n<h2>3.幾個常見方法</h2>\n<pre><code class=\"lang-\">	\n	webSocket.onopen=function (event) {\n    	//連接成功時觸發    \n    }\n    webSocket.onclose=function (event) {\n    	//連接關閉時觸發    \n    }\n    webSocket.onerror=function (event) {\n    	//連接出錯時觸發    \n    }\n    webSocket.onmessage=function (event) {\n    	//收到消息時觸發    \n    }\n\n\n</code></pre>\n<h1>Java服務端中WebSocket的使用</h1>\n<p>Java服務端中WebSocket 的使用有幾個點需要注意下，首先Java服務端的WebSocket想要使用，你的Tomcat必須得是Tomcat7以上的版本，Tomcat7才開始了對WebSocket的支持，不過這個條件想必小夥伴們都能滿足吧！Java服務端WebSocket的使用主要是有幾個注解需要我們瞭解下用法。如下：</p>\n<pre><code class=\"lang-\">\n    @ServerEndpoint(&quot;/myws&quot;)\n    public class WebSocketServer {\n	    @OnMessage\n	    public void onMessage(String message, Session session) throws IOException {\n	        System.out.println(&quot;收到了用戶端發來的消息：&quot; + message);\n	        session.getBasicRemote().sendText(&quot;服務端返回：&quot; + message);\n	    }\n	\n	    @OnOpen\n	    public void onOpen(Session session) throws IOException {\n	        System.out.println(&quot;用戶端連接成功&quot;);\n	    }\n	\n	    @OnClose\n	    public void onClose(Session session) throws IOException {\n	        session.getBasicRemote().sendText(&quot;連接關閉&quot;);\n	        System.out.println(&quot;連接關閉&quot;);\n	    }\n    }\n\n</code></pre>\n<p>關於這個類我說如下幾點：</p>\n<blockquote>\n<p>1.@ServerEndPoint注解表示將該類升級為一個WebSocket服務端點<br />\n2.@OnMessage注解表示收到用戶端發來的消息時觸發<br />\n3.@OnOpen注解表示當用戶端連接上服務端時觸發<br />\n4.@OnClose注解表示當連接關閉時觸發</p>\n</blockquote>\n<hr />\n<p>OK，經過上面的介紹，我們對WebSocket的API已經有了一個大概的瞭解，那麼接下來我們就來通過一個簡單的案例來看看WebSocket的使用。</p>\n<h1>一個簡單的互發消息的案例</h1>\n<h2>創建工程</h2>\n<p>首先創建一個普通的Java Web工程，正常情況下我們創建一個Java Web工程，這個工程如下：</p>\n<p><img src=\"http://img.blog.csdn.net/20170828205157703?watermark/2/text/aHR0cDovL2Jsb2cuY3Nkbi5uZXQvdTAxMjcwMjU0Nw==/font/5a6L5L2T/fontsize/400/fill/I0JBQkFCMA==/dissolve/70/gravity/SouthEast\" alt=\"這裡寫圖片描述\" /></p>\n<p>大家看到這個工程中是引用的Tomcat是只引用了Tomcat中的兩個Jar包，websocket的jar預設情況下並沒有引入，這個需要我們自己手動引入，引入方式也很簡單，如下：</p>\n<p>1.選中當前工程，按右鍵，點擊open module setting，打開工程的設置頁面：</p>\n<p><img src=\"http://img.blog.csdn.net/20170828205247335?watermark/2/text/aHR0cDovL2Jsb2cuY3Nkbi5uZXQvdTAxMjcwMjU0Nw==/font/5a6L5L2T/fontsize/400/fill/I0JBQkFCMA==/dissolve/70/gravity/SouthEast\" alt=\"這裡寫圖片描述\" /></p>\n<p>2.找到Tomcat資料夾下的lib包中的websocket的jar添加進來即可，如下：</p>\n<p><img src=\"http://img.blog.csdn.net/20170828205434340?watermark/2/text/aHR0cDovL2Jsb2cuY3Nkbi5uZXQvdTAxMjcwMjU0Nw==/font/5a6L5L2T/fontsize/400/fill/I0JBQkFCMA==/dissolve/70/gravity/SouthEast\" alt=\"這裡寫圖片描述\" /></p>\n<p>3.添加之後，我們的現在的工程是這個樣子的：</p>\n<p><img src=\"http://img.blog.csdn.net/20170828205612465?watermark/2/text/aHR0cDovL2Jsb2cuY3Nkbi5uZXQvdTAxMjcwMjU0Nw==/font/5a6L5L2T/fontsize/400/fill/I0JBQkFCMA==/dissolve/70/gravity/SouthEast\" alt=\"這裡寫圖片描述\" /></p>\n<h2>創建HTML頁面</h2>\n<p>創建HTML頁面，編寫JavaScript中的websocket邏輯，頁面顯示如下：</p>\n<p><img src=\"http://img.blog.csdn.net/20170828205917224?watermark/2/text/aHR0cDovL2Jsb2cuY3Nkbi5uZXQvdTAxMjcwMjU0Nw==/font/5a6L5L2T/fontsize/400/fill/I0JBQkFCMA==/dissolve/70/gravity/SouthEast\" alt=\"這裡寫圖片描述\" /></p>\n<p>首先我們點擊連接按鈕連接上服務端，然後再點擊發送按鈕向服務端發送消息，代碼如下：</p>\n<pre><code class=\"lang-\">&lt;!DOCTYPE html&gt;\n&lt;html lang=&quot;en&quot;&gt;\n&lt;head&gt;\n    &lt;meta charset=&quot;UTF-8&quot;&gt;\n    &lt;title&gt;ws頁面&lt;/title&gt;\n    &lt;script src=&quot;jquery-3.2.1.js&quot;&gt;&lt;/script&gt;\n&lt;/head&gt;\n&lt;body&gt;\n&lt;input type=&quot;button&quot; value=&quot;連接&quot; id=&quot;btnClick1&quot;&gt;&lt;br&gt;\n&lt;input type=&quot;text&quot; id=&quot;msg&quot;&gt;&lt;input type=&quot;button&quot; value=&quot;發送&quot; id=&quot;btnClick2&quot;&gt;\n&lt;/div&gt;\n&lt;div id=&quot;resultDiv&quot;&gt;&lt;/div&gt;\n&lt;script&gt;\n    var webSocket;\n\n    $(&quot;#btnClick2&quot;).click(function () {\n        var msg = $(&quot;#msg&quot;).val();\n        $(&quot;#resultDiv&quot;).append(&quot;&lt;p&gt;發送消息:&quot; + msg+&quot;&lt;/p&gt;&quot;);\n        webSocket.send(msg)\n    });\n    $(&quot;#btnClick1&quot;).click(function () {\n        $(&quot;#resultDiv&quot;).append(&quot;&lt;p&gt;開始連接服務端!&lt;/p&gt;&quot;);\n        webSocket = new WebSocket(&quot;ws://localhost/myws&quot;);\n        webSocket.onerror = function (event) {\n            $(&quot;#resultDiv&quot;).append(&quot;&lt;p&gt;onerror:&quot; + event.data + &quot;&lt;/p&gt;&quot;);\n        }\n        webSocket.onopen = function (event) {\n            $(&quot;#resultDiv&quot;).append(&quot;&lt;p&gt;連接成功！&lt;/p&gt;&quot;);\n        }\n        webSocket.onmessage = function (event) {\n            $(&quot;#resultDiv&quot;).append(&quot;&lt;p&gt;onmessage:&quot; + event.data + &quot;&lt;/p&gt;&quot;);\n        }\n    });\n\n&lt;/script&gt;\n&lt;/body&gt;\n&lt;/html&gt;\n</code></pre>\n<p>這裡涉及到的API的含義我們在上文已經介紹過，這裡就不再贅述。</p>\n<h2>創建服務端</h2>\n<p>服務端也比較簡單，如下：</p>\n<pre><code class=\"lang-\">@ServerEndpoint(&quot;/myws&quot;)\npublic class WebSocketServer {\n    @OnMessage\n    public void onMessage(String message, Session session) throws IOException {\n        System.out.println(&quot;收到了用戶端發來的消息：&quot; + message);\n        session.getBasicRemote().sendText(&quot;服務端返回：&quot; + message);\n    }\n\n    @OnOpen\n    public void onOpen(Session session) throws IOException {\n        System.out.println(&quot;用戶端連接成功&quot;);\n    }\n\n    @OnClose\n    public void onClose(Session session) throws IOException {\n        session.getBasicRemote().sendText(&quot;連接關閉&quot;);\n        System.out.println(&quot;連接關閉&quot;);\n    }\n}\n</code></pre>\n<p>服務端API的含義我們上文也已經介紹過了，這裡我再補充一個小問題，小夥伴們可能看到我們不同的方法裡邊都有參數，參數的個數和類型都有差異，實際上這裡的參數是可變的，這裡的具體資訊我們會在下一篇文章中詳說，這裡先這樣來寫。</p>\n<p>Ok，我們的代碼寫完了。</p>\n<h2>部署測試</h2>\n<p>工程的運行就像普通的JavaWeb工程那樣，直接運行即可，運行之後，打開html頁面，效果如下：</p>\n<p><img src=\"http://img.blog.csdn.net/20170828211153828?watermark/2/text/aHR0cDovL2Jsb2cuY3Nkbi5uZXQvdTAxMjcwMjU0Nw==/font/5a6L5L2T/fontsize/400/fill/I0JBQkFCMA==/dissolve/70/gravity/SouthEast\" alt=\"這裡寫圖片描述\" /></p>\n<p>OK，本文先說到這裡，下篇文章我們再來詳細介紹一個群聊的應用，繼續深入使用WebSocket。</p>\n<p>工程下載：（由於CSDN下載現在必須要積分，不得已設置了1分，如果小夥伴沒有積分，文末留言我發給你。）</p>\n<p>更多JavaEE資料請關注公眾號：</p>\n<p><img src=\"http://img.blog.csdn.net/20170828211355113?watermark/2/text/aHR0cDovL2Jsb2cuY3Nkbi5uZXQvdTAxMjcwMjU0Nw==/font/5a6L5L2T/fontsize/400/fill/I0JBQkFCMA==/dissolve/70/gravity/SouthEast\" alt=\"這裡寫圖片描述\" /></p>\n<p>以上。。</p>\n', '上篇文章【WebSocket刨根問底(一)】中我們對WebSocket的一些基本理論進行了介紹，但是', '60', '6', '2017-12-21 22:34:02', '2017-12-21 22:34:02', '2', '0');
INSERT INTO `article` VALUES ('113', 'WebSocket刨根問底(三)之群聊', '前兩篇文章【[WebSocket刨根問底(一) ](http://blog.csdn.net/u012702547/article/details/77621195)】【[WebSocket刨根問底(二) ](http://blog.csdn.net/u012702547/article/details/77655826)】我們介紹了WebSocket的一些基本理論，以及一個簡單的案例，那麼今天繼續，我們來看一個簡單的群聊的案例，來進一步瞭解WebSocket這個東東。  \n\nOK，開始之前，我們先來看看我們今天要實現的效果：  \n\n![這裡寫圖片描述](http://img.blog.csdn.net/20170829152915575?watermark/2/text/aHR0cDovL2Jsb2cuY3Nkbi5uZXQvdTAxMjcwMjU0Nw==/font/5a6L5L2T/fontsize/400/fill/I0JBQkFCMA==/dissolve/70/gravity/SouthEast)  \n\n好了，廢話不多說，我們進來看看這個東西要怎麼樣實現吧！\n\n# 創建Web項目\n這裡和上文（[WebSocket刨根問底(二) ](http://blog.csdn.net/u012702547/article/details/77655826)）一樣，web項目創建成功之後，還是要我們先手動添加websocket的jar包進來，添加方式如果小夥伴不懂的話可以參考我們上篇文章，這裡我就不再贅述。\n\n# 創建HTML頁面\n\n頁面的效果效果小夥伴們剛才都看到了，我這裡就直接上代碼：  \n```\n<!DOCTYPE html>\n<html lang=\"en\">\n<head>\n    <meta charset=\"UTF-8\">\n    <title>ws頁面</title>\n    <script src=\"jquery-3.2.1.js\"></script>\n</head>\n<body>\n<input type=\"text\" placeholder=\"請輸入您的昵稱\" id=\"nickname\"><input type=\"button\" value=\"連接\" id=\"btnClick1\">\n</div>\n<div id=\"resultDiv\"></div>\n<div><input type=\"text\" id=\"msg\"><input type=\"button\" value=\"發送\" id=\"btnClick2\" disabled=\"disabled\"></div>\n<script>\n    var webSocket;\n    $(\"#btnClick2\").click(function () {\n        var msg = $(\"#msg\").val();\n        $(\"#msg\").val(\'\');\n        webSocket.send(msg)\n    });\n    $(\"#btnClick1\").click(function () {\n        var nickname = $(\"#nickname\").val();\n        if(nickname==null||nickname==\'\') {\n            alert(\"必須輸入昵稱\");\n            return;\n        }\n        $(\"#btnClick2\").removeAttr(\"disabled\");\n        $(this).attr(\"disabled\", \"disabled\");\n        $(\"#resultDiv\").append(\"<p>開始連接服務端!</p>\");\n        webSocket = new WebSocket(\"ws://localhost/myws2/\"+nickname);\n        webSocket.onerror = function (event) {\n            $(\"#resultDiv\").append(\"<p>onerror:\" + event.data + \"</p>\");\n        }\n        webSocket.onopen = function (event) {\n            $(\"#resultDiv\").append(\"<p>連接成功！</p>\");\n        }\n        webSocket.onmessage = function (event) {\n            $(\"#resultDiv\").append(\"<p>\" + event.data + \"</p>\");\n        }\n    });\n</script>\n</body>\n</html>\n```\n\n關於這段HTML代碼，我說如下幾點：\n>1.一開始發送按鈕處於不可用狀態，必須先連接  \n>2.連接時必須先輸入昵稱，如果不輸入昵稱則彈出提示  \n>3.連接成功之後連接按鈕處於不可點擊狀態而發送按鈕處於可點擊狀態  \n>4.在連接按鈕的點擊事件中初始化WebSocket物件以及WebSocket中涉及到的一些方法的初始化  \n>5.所有的資訊（連接成功，連接出錯以及接收到消息）最後都顯示在resultDiv中  \n>6.連接位址是動態變化的，最後的字元是連接的用戶名  \n\nOK，這裡的代碼都很簡單，我就不一一解釋了。\n\n# 創建WebSocket服務端\n\n由於我們這裡要做的是群聊，所以服務端的主要功能就是接收用戶端傳來的消息並將之廣播給所有的用戶端。服務端代碼如下：  \n```\n@ServerEndpoint(\"/myws2/{nickname}\")\npublic class WebSocketServer2 {\n    private String nickname;\n    private Session session;\n    private static final Set<WebSocketServer2> WEB_SOCKET_SERVER_2_SET = new CopyOnWriteArraySet<WebSocketServer2>();\n\n    @OnMessage\n    public void onMessage(String message, @PathParam(value = \"nickname\") String nickname) throws IOException {\n        System.out.println(\"收到了用戶端發來的消息：\" + message);\n        sendText(nickname+\"發來了:\"+message);\n    }\n\n    private static void sendText(String msg) {\n        for (WebSocketServer2 webSocketServer2 : WEB_SOCKET_SERVER_2_SET) {\n            try {\n                synchronized (webSocketServer2) {\n                    webSocketServer2.session.getBasicRemote().sendText(msg);\n                }\n            } catch (IOException e) {\n                WEB_SOCKET_SERVER_2_SET.remove(webSocketServer2);\n                try {\n                    webSocketServer2.session.close();\n                } catch (IOException e1) {\n                }\n                sendText(webSocketServer2.nickname + \"同學已經下線\");\n            }\n        }\n    }\n\n    @OnOpen\n    public void onOpen(Session session, @PathParam(value = \"nickname\") String nickname) throws IOException {\n        this.nickname = nickname;\n        this.session = session;\n        WEB_SOCKET_SERVER_2_SET.add(this);\n        sendText(nickname + \"進入房間\");\n        StringBuffer sb = new StringBuffer();\n        for (WebSocketServer2 webSocketServer2 : WEB_SOCKET_SERVER_2_SET) {\n            sb.append(webSocketServer2.nickname).append(\";\");\n        }\n        sendText(\"當前房間有：\"+sb.toString());\n    }\n\n    @OnClose\n    public void onClose(Session session) throws IOException {\n        WEB_SOCKET_SERVER_2_SET.remove(this);\n        sendText(this.nickname+\"童鞋已下線\");\n    }\n}\n```\n\n關於這個服務端我解釋如下幾點：  \n>1.第一行的代碼表示服務端的名字，但是名字裡邊有一個{nickname},表示獲取服務端傳遞來的最後一個參數，在方法裡邊可以通過@PathParam來獲取，這個和SpringMVC的參數注解如出一轍  \n>2.第三行和第四行創建了兩個對象，因為當用戶端臉上服務端之後，一個用戶端將對應一個WebSocketServer2物件，我需要將每一個用戶端的有關資訊保存下來，因此創建出nickname表示該物件對應的用戶端的使用者昵稱，session表示該物件對應的用戶端的session  \n>3.第五行創建一個Set集合，該集合是static final類型的，表示不管WebSocketServer2的物件有多少個，WEB_SOCKET_SERVER_2_SET集合始終是同一個，該集合主要用來保存所有連接的用戶端對應的WebSocketServer2物件  \n>4.第30行到41行是open方法的邏輯，該方法有兩個參數，第一個session，第二個nickname，nickname參數有一個注解@PathParam表示該參數的值就是連接位址裡邊的最後一個字串，這個參數是可選的。在該方法裡，首先將nickname和session賦值給對應的全域變數，然後將當前物件添加到set集合中，然後調用sendText方法發送一條消息，告訴所有的用戶端XXX進入房間啦，最後遍歷set集合中的所有使用者，拿到所有用戶的用戶名，再告訴所有用戶端當前的房間都有誰誰誰。   \n>5.第13-28行的sendText方法是一個自訂的靜態方法，該方法主要用來向所有的用戶端廣播消息，該方法的基本邏輯就是遍歷set集合，拿到set集合中的每一個物件和每一個物件中的session，再利用session向對應的用戶端發送消息，如果消息發送失敗，則將該使用者從集合中移除，同時告訴剩餘的用戶端某某人已經下線。  \n>6.第7-10行的代碼主要用來處理用戶端發送來的消息，預設的String類型的參數表示用戶端發送來的消息，其他的String類型參數都要加上注解才可以，我們這裡第一個參數表示用戶端發送來的消息，第二個參數表示發送用戶端消息的使用者昵稱，這裡收到消息之後，再利用sendText廣播給所有用戶。  \n>7.第43行到47行表示當其中一個用戶下線了了會回檔的close方法，在這裡方法裡首先從集合中移除該用戶端對應的WebSocketServer2物件，然後廣播一條消息將該使用者下線的事告訴所有人。  \n\nOK，經過以上7點的講解，小夥伴們對服務端的代碼應該是非常熟悉了吧~\n\n好了，那我們今天的案例就先說到這裡，下篇文章我們來看一個五子棋的案例，進一步學習websocket的使用。  \n\n\n案例下載：[http://download.csdn.net/download/u012702547/9954347](http://download.csdn.net/download/u012702547/9954347)（由於CSDN下載現在必須要積分，不得已設置了1分，如果小夥伴沒有積分，文末留言我發給你。）\n\n更多JavaEE資料請關注公眾號：\n\n![這裡寫圖片描述](http://img.blog.csdn.net/20170829163124775?watermark/2/text/aHR0cDovL2Jsb2cuY3Nkbi5uZXQvdTAxMjcwMjU0Nw==/font/5a6L5L2T/fontsize/400/fill/I0JBQkFCMA==/dissolve/70/gravity/SouthEast)\n \n 以上。\n', '<p>前兩篇文章【<a href=\"http://blog.csdn.net/u012702547/article/details/77621195\" target=\"_blank\">WebSocket刨根問底(一) </a>】【<a href=\"http://blog.csdn.net/u012702547/article/details/77655826\" target=\"_blank\">WebSocket刨根問底(二) </a>】我們介紹了WebSocket的一些基本理論，以及一個簡單的案例，那麼今天繼續，我們來看一個簡單的群聊的案例，來進一步瞭解WebSocket這個東東。</p>\n<p>OK，開始之前，我們先來看看我們今天要實現的效果：</p>\n<p><img src=\"http://img.blog.csdn.net/20170829152915575?watermark/2/text/aHR0cDovL2Jsb2cuY3Nkbi5uZXQvdTAxMjcwMjU0Nw==/font/5a6L5L2T/fontsize/400/fill/I0JBQkFCMA==/dissolve/70/gravity/SouthEast\" alt=\"這裡寫圖片描述\" /></p>\n<p>好了，廢話不多說，我們進來看看這個東西要怎麼樣實現吧！</p>\n<h1>創建Web項目</h1>\n<p>這裡和上文（<a href=\"http://blog.csdn.net/u012702547/article/details/77655826\" target=\"_blank\">WebSocket刨根問底(二) </a>）一樣，web項目創建成功之後，還是要我們先手動添加websocket的jar包進來，添加方式如果小夥伴不懂的話可以參考我們上篇文章，這裡我就不再贅述。</p>\n<h1>創建HTML頁面</h1>\n<p>頁面的效果效果小夥伴們剛才都看到了，我這裡就直接上代碼：</p>\n<pre><code class=\"lang-\">&lt;!DOCTYPE html&gt;\n&lt;html lang=&quot;en&quot;&gt;\n&lt;head&gt;\n    &lt;meta charset=&quot;UTF-8&quot;&gt;\n    &lt;title&gt;ws頁面&lt;/title&gt;\n    &lt;script src=&quot;jquery-3.2.1.js&quot;&gt;&lt;/script&gt;\n&lt;/head&gt;\n&lt;body&gt;\n&lt;input type=&quot;text&quot; placeholder=&quot;請輸入您的昵稱&quot; id=&quot;nickname&quot;&gt;&lt;input type=&quot;button&quot; value=&quot;連接&quot; id=&quot;btnClick1&quot;&gt;\n&lt;/div&gt;\n&lt;div id=&quot;resultDiv&quot;&gt;&lt;/div&gt;\n&lt;div&gt;&lt;input type=&quot;text&quot; id=&quot;msg&quot;&gt;&lt;input type=&quot;button&quot; value=&quot;發送&quot; id=&quot;btnClick2&quot; disabled=&quot;disabled&quot;&gt;&lt;/div&gt;\n&lt;script&gt;\n    var webSocket;\n    $(&quot;#btnClick2&quot;).click(function () {\n        var msg = $(&quot;#msg&quot;).val();\n        $(&quot;#msg&quot;).val(\'\');\n        webSocket.send(msg)\n    });\n    $(&quot;#btnClick1&quot;).click(function () {\n        var nickname = $(&quot;#nickname&quot;).val();\n        if(nickname==null||nickname==\'\') {\n            alert(&quot;必須輸入昵稱&quot;);\n            return;\n        }\n        $(&quot;#btnClick2&quot;).removeAttr(&quot;disabled&quot;);\n        $(this).attr(&quot;disabled&quot;, &quot;disabled&quot;);\n        $(&quot;#resultDiv&quot;).append(&quot;&lt;p&gt;開始連接服務端!&lt;/p&gt;&quot;);\n        webSocket = new WebSocket(&quot;ws://localhost/myws2/&quot;+nickname);\n        webSocket.onerror = function (event) {\n            $(&quot;#resultDiv&quot;).append(&quot;&lt;p&gt;onerror:&quot; + event.data + &quot;&lt;/p&gt;&quot;);\n        }\n        webSocket.onopen = function (event) {\n            $(&quot;#resultDiv&quot;).append(&quot;&lt;p&gt;連接成功！&lt;/p&gt;&quot;);\n        }\n        webSocket.onmessage = function (event) {\n            $(&quot;#resultDiv&quot;).append(&quot;&lt;p&gt;&quot; + event.data + &quot;&lt;/p&gt;&quot;);\n        }\n    });\n&lt;/script&gt;\n&lt;/body&gt;\n&lt;/html&gt;\n</code></pre>\n<p>關於這段HTML代碼，我說如下幾點：</p>\n<blockquote>\n<p>1.一開始發送按鈕處於不可用狀態，必須先連接<br />\n2.連接時必須先輸入昵稱，如果不輸入昵稱則彈出提示<br />\n3.連接成功之後連接按鈕處於不可點擊狀態而發送按鈕處於可點擊狀態<br />\n4.在連接按鈕的點擊事件中初始化WebSocket物件以及WebSocket中涉及到的一些方法的初始化<br />\n5.所有的資訊（連接成功，連接出錯以及接收到消息）最後都顯示在resultDiv中<br />\n6.連接位址是動態變化的，最後的字元是連接的用戶名</p>\n</blockquote>\n<p>OK，這裡的代碼都很簡單，我就不一一解釋了。</p>\n<h1>創建WebSocket服務端</h1>\n<p>由於我們這裡要做的是群聊，所以服務端的主要功能就是接收用戶端傳來的消息並將之廣播給所有的用戶端。服務端代碼如下：</p>\n<pre><code class=\"lang-\">@ServerEndpoint(&quot;/myws2/{nickname}&quot;)\npublic class WebSocketServer2 {\n    private String nickname;\n    private Session session;\n    private static final Set&lt;WebSocketServer2&gt; WEB_SOCKET_SERVER_2_SET = new CopyOnWriteArraySet&lt;WebSocketServer2&gt;();\n\n    @OnMessage\n    public void onMessage(String message, @PathParam(value = &quot;nickname&quot;) String nickname) throws IOException {\n        System.out.println(&quot;收到了用戶端發來的消息：&quot; + message);\n        sendText(nickname+&quot;發來了:&quot;+message);\n    }\n\n    private static void sendText(String msg) {\n        for (WebSocketServer2 webSocketServer2 : WEB_SOCKET_SERVER_2_SET) {\n            try {\n                synchronized (webSocketServer2) {\n                    webSocketServer2.session.getBasicRemote().sendText(msg);\n                }\n            } catch (IOException e) {\n                WEB_SOCKET_SERVER_2_SET.remove(webSocketServer2);\n                try {\n                    webSocketServer2.session.close();\n                } catch (IOException e1) {\n                }\n                sendText(webSocketServer2.nickname + &quot;同學已經下線&quot;);\n            }\n        }\n    }\n\n    @OnOpen\n    public void onOpen(Session session, @PathParam(value = &quot;nickname&quot;) String nickname) throws IOException {\n        this.nickname = nickname;\n        this.session = session;\n        WEB_SOCKET_SERVER_2_SET.add(this);\n        sendText(nickname + &quot;進入房間&quot;);\n        StringBuffer sb = new StringBuffer();\n        for (WebSocketServer2 webSocketServer2 : WEB_SOCKET_SERVER_2_SET) {\n            sb.append(webSocketServer2.nickname).append(&quot;;&quot;);\n        }\n        sendText(&quot;當前房間有：&quot;+sb.toString());\n    }\n\n    @OnClose\n    public void onClose(Session session) throws IOException {\n        WEB_SOCKET_SERVER_2_SET.remove(this);\n        sendText(this.nickname+&quot;童鞋已下線&quot;);\n    }\n}\n</code></pre>\n<p>關於這個服務端我解釋如下幾點：</p>\n<blockquote>\n<p>1.第一行的代碼表示服務端的名字，但是名字裡邊有一個{nickname},表示獲取服務端傳遞來的最後一個參數，在方法裡邊可以通過@PathParam來獲取，這個和SpringMVC的參數注解如出一轍<br />\n2.第三行和第四行創建了兩個對象，因為當用戶端臉上服務端之後，一個用戶端將對應一個WebSocketServer2物件，我需要將每一個用戶端的有關資訊保存下來，因此創建出nickname表示該物件對應的用戶端的使用者昵稱，session表示該物件對應的用戶端的session<br />\n3.第五行創建一個Set集合，該集合是static final類型的，表示不管WebSocketServer2的物件有多少個，WEB_SOCKET_SERVER_2_SET集合始終是同一個，該集合主要用來保存所有連接的用戶端對應的WebSocketServer2物件<br />\n4.第30行到41行是open方法的邏輯，該方法有兩個參數，第一個session，第二個nickname，nickname參數有一個注解@PathParam表示該參數的值就是連接位址裡邊的最後一個字串，這個參數是可選的。在該方法裡，首先將nickname和session賦值給對應的全域變數，然後將當前物件添加到set集合中，然後調用sendText方法發送一條消息，告訴所有的用戶端XXX進入房間啦，最後遍歷set集合中的所有使用者，拿到所有用戶的用戶名，再告訴所有用戶端當前的房間都有誰誰誰。<br />\n5.第13-28行的sendText方法是一個自訂的靜態方法，該方法主要用來向所有的用戶端廣播消息，該方法的基本邏輯就是遍歷set集合，拿到set集合中的每一個物件和每一個物件中的session，再利用session向對應的用戶端發送消息，如果消息發送失敗，則將該使用者從集合中移除，同時告訴剩餘的用戶端某某人已經下線。<br />\n6.第7-10行的代碼主要用來處理用戶端發送來的消息，預設的String類型的參數表示用戶端發送來的消息，其他的String類型參數都要加上注解才可以，我們這裡第一個參數表示用戶端發送來的消息，第二個參數表示發送用戶端消息的使用者昵稱，這裡收到消息之後，再利用sendText廣播給所有用戶。<br />\n7.第43行到47行表示當其中一個用戶下線了了會回檔的close方法，在這裡方法裡首先從集合中移除該用戶端對應的WebSocketServer2物件，然後廣播一條消息將該使用者下線的事告訴所有人。</p>\n</blockquote>\n<p>OK，經過以上7點的講解，小夥伴們對服務端的代碼應該是非常熟悉了吧~</p>\n<p>好了，那我們今天的案例就先說到這裡，下篇文章我們來看一個五子棋的案例，進一步學習websocket的使用。</p>\n<p>案例下載：<a href=\"http://download.csdn.net/download/u012702547/9954347\" target=\"_blank\">http://download.csdn.net/download/u012702547/9954347</a>（由於CSDN下載現在必須要積分，不得已設置了1分，如果小夥伴沒有積分，文末留言我發給你。）</p>\n<p>更多JavaEE資料請關注公眾號：</p>\n<p><img src=\"http://img.blog.csdn.net/20170829163124775?watermark/2/text/aHR0cDovL2Jsb2cuY3Nkbi5uZXQvdTAxMjcwMjU0Nw==/font/5a6L5L2T/fontsize/400/fill/I0JBQkFCMA==/dissolve/70/gravity/SouthEast\" alt=\"這裡寫圖片描述\" /></p>\n<p>以上。</p>\n', '前兩篇文章【WebSocket刨根問底(一) 】【WebSocket刨根問底(二) 】我們介紹了We', '60', '6', '2017-12-21 22:34:35', '2017-12-21 22:34:35', '2', '4');
INSERT INTO `article` VALUES ('114', '一點點Github上的學習資料', '## 緣起\n從年初到現在，在GitHub上也積累了幾個開源項目，從我個人的角度來看，我覺得這些開源項目對於JavaEE初學者是有很大的參考價值的，因此我將這些專案和案例分享出來，希望能夠給初學者一些幫助。  \n\n## 三個完整的開源專案\n\n### CoolMeeting會議管理系統\n\n專案簡介：[一個開源的會議管理系統獻給給位元小夥伴！](http://mp.weixin.qq.com/s/JMGuiftZcEG-0yed2jkDQA)  \n項目位址：https://github.com/lenve/CoolMeeting  \n項目二維碼（長按二維碼進入項目主頁）：  \n![](https://mmbiz.qpic.cn/mmbiz_png/GvtDGKK4uYn9lpXK5EuBzEbK8b7qCE7eCyDJbibdel15VKxacxVZGwdWBibmMUI8n7H9NeX2yWmfrPpHuVHGt42w/0?wx_fmt=png)  \n\n### 個人博客系統\n\n專案簡介：[一個JavaWeb搭建的開源Blog系統，整合SSM框架](http://mp.weixin.qq.com/s/m85v_EPdGnOILGJMv5Cz3g)  \n項目位址：https://github.com/lenve/JavaEETest/tree/master/MyBlog    \n項目二維碼（長按二維碼進入項目主頁）：  \n\n![](https://mmbiz.qpic.cn/mmbiz_png/GvtDGKK4uYn9lpXK5EuBzEbK8b7qCE7e8icuibRHFAaiaDr24lkBAwGOeFbYswWcJ8NOY4s23eTCk4xrBibiadWtLuQ/0?wx_fmt=png)  \n\n\n### 五子棋大比武\n\n項目簡介：[一個開源的五子棋大戰送給各位小夥伴!](http://mp.weixin.qq.com/s/8FjP2LgzadHeGA27HfWCHw)  \n項目位址：https://github.com/lenve/GobangGame  \n項目二維碼（長按二維碼進入項目主頁）：  \n\n![](https://mmbiz.qpic.cn/mmbiz_png/GvtDGKK4uYn9lpXK5EuBzEbK8b7qCE7e9czbiad3AWdxblRuABabpe0nIATLe4ppLZjib2Xfbm7kBgn69yzWrcbA/0?wx_fmt=png)\n\n\n## 框架案例\n\n框架案例主要包括了Spring案例、SpringMVC案例、MyBatis案例以及Spring Boot案例。  \n項目位址：https://github.com/lenve/JavaEETest  \n項目二維碼（長按二維碼進入項目主頁）：  \n\n![](https://mmbiz.qpic.cn/mmbiz_png/GvtDGKK4uYn9lpXK5EuBzEbK8b7qCE7e8aBAeeHCTHDNe4p5hWKKXTDLa3llbJxWQibPd1zlOPoH5aDicDcUNlJg/0?wx_fmt=png)  \n\n\n這些資料和開源專案都會不定期更新，我手頭上還有一個ERP項目，整理好了之後也會開源給小夥伴們學習。  \n\n關注公眾號可以接收到最新通知。  \n\n希望上面這些資料能夠給大家的學習帶來幫助，有問題歡迎留言交流。', '<h2>緣起</h2>\n<p>從年初到現在，在GitHub上也積累了幾個開源項目，從我個人的角度來看，我覺得這些開源項目對於JavaEE初學者是有很大的參考價值的，因此我將這些專案和案例分享出來，希望能夠給初學者一些幫助。</p>\n<h2>三個完整的開源專案</h2>\n<h3>CoolMeeting會議管理系統</h3>\n<p>專案簡介：<a href=\"http://mp.weixin.qq.com/s/JMGuiftZcEG-0yed2jkDQA\" target=\"_blank\">一個開源的會議管理系統獻給給位元小夥伴！</a><br />\n項目位址：https://github.com/lenve/CoolMeeting<br />\n項目二維碼（長按二維碼進入項目主頁）：<br />\n<img src=\"https://mmbiz.qpic.cn/mmbiz_png/GvtDGKK4uYn9lpXK5EuBzEbK8b7qCE7eCyDJbibdel15VKxacxVZGwdWBibmMUI8n7H9NeX2yWmfrPpHuVHGt42w/0?wx_fmt=png\" alt=\"\" /></p>\n<h3>個人博客系統</h3>\n<p>專案簡介：<a href=\"http://mp.weixin.qq.com/s/m85v_EPdGnOILGJMv5Cz3g\" target=\"_blank\">一個JavaWeb搭建的開源Blog系統，整合SSM框架</a><br />\n項目位址：https://github.com/lenve/JavaEETest/tree/master/MyBlog<br />\n項目二維碼（長按二維碼進入項目主頁）：</p>\n<p><img src=\"https://mmbiz.qpic.cn/mmbiz_png/GvtDGKK4uYn9lpXK5EuBzEbK8b7qCE7e8icuibRHFAaiaDr24lkBAwGOeFbYswWcJ8NOY4s23eTCk4xrBibiadWtLuQ/0?wx_fmt=png\" alt=\"\" /></p>\n<h3>五子棋大比武</h3>\n<p>項目簡介：<a href=\"http://mp.weixin.qq.com/s/8FjP2LgzadHeGA27HfWCHw\" target=\"_blank\">一個開源的五子棋大戰送給各位小夥伴!</a><br />\n項目位址：https://github.com/lenve/GobangGame<br />\n項目二維碼（長按二維碼進入項目主頁）：</p>\n<p><img src=\"https://mmbiz.qpic.cn/mmbiz_png/GvtDGKK4uYn9lpXK5EuBzEbK8b7qCE7e9czbiad3AWdxblRuABabpe0nIATLe4ppLZjib2Xfbm7kBgn69yzWrcbA/0?wx_fmt=png\" alt=\"\" /></p>\n<h2>框架案例</h2>\n<p>框架案例主要包括了Spring案例、SpringMVC案例、MyBatis案例以及Spring Boot案例。<br />\n項目位址：https://github.com/lenve/JavaEETest<br />\n項目二維碼（長按二維碼進入項目主頁）：</p>\n<p><img src=\"https://mmbiz.qpic.cn/mmbiz_png/GvtDGKK4uYn9lpXK5EuBzEbK8b7qCE7e8aBAeeHCTHDNe4p5hWKKXTDLa3llbJxWQibPd1zlOPoH5aDicDcUNlJg/0?wx_fmt=png\" alt=\"\" /></p>\n<p>這些資料和開源專案都會不定期更新，我手頭上還有一個ERP項目，整理好了之後也會開源給小夥伴們學習。</p>\n<p>關注公眾號可以接收到最新通知。</p>\n<p>希望上面這些資料能夠給大家的學習帶來幫助，有問題歡迎留言交流。</p>\n', '緣起\n從年初到現在，在GitHub上也積累了幾個開源項目，從我個人的角度來看，我覺得這些開源項目對於', '61', '7', '2017-12-21 22:35:20', '2017-12-21 22:35:20', '1', '55');
INSERT INTO `article` VALUES ('115', '投稿指南', '年初做這個公號的初衷是希望能夠和各位JavaEE同行有一個交流的平臺，但是慢慢的就發現一篇不那麼像樣的文章都需要耗費許多光景，因此文章的更新頻率和技術點的深度一直顯得力不從心，思忖再三，決定開放投稿。  \n\n---\n\n### 我能給你什麼\n有付出當然就要有回報，這是最基本的原則。但是作為一枚苦逼的程式師，在我個人能力之上能夠提供的回報非常有限，這一點希望大家能夠諒解。我目前能夠想到的回報主要有如下幾點：  \n>1.讚賞。本公號很早之前就已經具備了開通讚賞的許可權，但我一直認為這個功能要慎用，所以只在剛開始測試的兩篇文章中開通了讚賞功能，後來的文章都沒有啟用讚賞功能。對於小夥伴們的投稿，如果審核通過了決定要發，我會開通讚賞功能，讚賞收入都歸投稿的小夥伴所有。  \n>2.引流。可能有的小夥伴有寫博客的習慣，那麼你可以在投稿時注明要求，我會在排版時在文章開頭注明原文位址，這樣可以向你的博客導入一部分流量。  \n>3.每個月我會從投稿的小夥伴中選出一人，送一本技術圖書作為支援。  \n\n暫時能夠想到的回報就是這些，以後可能會有更多回報，但是目前也不確定。  \n\n### 投稿要求\n\n>1.文章必須原創。這算是最最最基本的要求了。  \n>2.微信公號有原創保護功能，所以如果有已經在其他公號上發表過的文章，就不建議再投了，避免不必要的糾紛。  \n>3.文章內容不求新穎，但是要翔實，也就是要乾貨。  \n\n### 投稿地址\n\n稿件發送到郵箱pine-tree@foxmail.com\n\n謝謝。', '<p>年初做這個公號的初衷是希望能夠和各位JavaEE同行有一個交流的平臺，但是慢慢的就發現一篇不那麼像樣的文章都需要耗費許多光景，因此文章的更新頻率和技術點的深度一直顯得力不從心，思忖再三，決定開放投稿。</p>\n<hr />\n<h3>我能給你什麼</h3>\n<p>有付出當然就要有回報，這是最基本的原則。但是作為一枚苦逼的程式師，在我個人能力之上能夠提供的回報非常有限，這一點希望大家能夠諒解。我目前能夠想到的回報主要有如下幾點：</p>\n<blockquote>\n<p>1.讚賞。本公號很早之前就已經具備了開通讚賞的許可權，但我一直認為這個功能要慎用，所以只在剛開始測試的兩篇文章中開通了讚賞功能，後來的文章都沒有啟用讚賞功能。對於小夥伴們的投稿，如果審核通過了決定要發，我會開通讚賞功能，讚賞收入都歸投稿的小夥伴所有。<br />\n2.引流。可能有的小夥伴有寫博客的習慣，那麼你可以在投稿時注明要求，我會在排版時在文章開頭注明原文位址，這樣可以向你的博客導入一部分流量。<br />\n3.每個月我會從投稿的小夥伴中選出一人，送一本技術圖書作為支援。</p>\n</blockquote>\n<p>暫時能夠想到的回報就是這些，以後可能會有更多回報，但是目前也不確定。</p>\n<h3>投稿要求</h3>\n<blockquote>\n<p>1.文章必須原創。這算是最最最基本的要求了。<br />\n2.微信公號有原創保護功能，所以如果有已經在其他公號上發表過的文章，就不建議再投了，避免不必要的糾紛。<br />\n3.文章內容不求新穎，但是要翔實，也就是要乾貨。</p>\n</blockquote>\n<h3>投稿地址</h3>\n<p>稿件發送到郵箱pine-tree@foxmail.com</p>\n<p>謝謝。</p>\n', '年初做這個公號的初衷是希望能夠和各位JavaEE同行有一個交流的平臺，但是慢慢的就發現一篇不那麼像樣', '60', '6', '2017-12-21 22:40:16', '2017-12-21 22:40:16', '2', '99');
INSERT INTO `article` VALUES ('116', 'SpringBoot+SpringSecurity處理Ajax登錄請求', '最近在專案中遇到了這樣一個問題：前後端分離，前端用Vue來做，所有的資料請求都使用vue-resource，沒有使用表單，因此資料交互都是使用JSON，後臺使用Spring Boot，許可權驗證使用了Spring Security，因為之前用Spring Security都是處理頁面的，這次單純處理Ajax請求，因此記錄下遇到的一些問題。這裡的解決方案不僅適用於Ajax請求，也可以解決移動端請求驗證。   \n\n### 創建工程\n\n首先我們需要創建一個Spring Boot工程，創建時需要引入Web、Spring Security、MySQL和MyBatis(資料庫框架其實隨意，我這裡使用MyBatis)，創建好之後，依賴檔如下：  \n\n```\n<dependency>\n    <groupId>org.mybatis.spring.boot</groupId>\n    <artifactId>mybatis-spring-boot-starter</artifactId>\n    <version>1.3.1</version>\n</dependency>\n<dependency>\n    <groupId>org.springframework.boot</groupId>\n    <artifactId>spring-boot-starter-security</artifactId>\n</dependency>\n<dependency>\n    <groupId>org.springframework.boot</groupId>\n    <artifactId>spring-boot-starter-web</artifactId>\n</dependency>\n<dependency>\n    <groupId>mysql</groupId>\n    <artifactId>mysql-connector-java</artifactId>\n    <scope>runtime</scope>\n</dependency>\n<dependency>\n    <groupId>commons-codec</groupId>\n    <artifactId>commons-codec</artifactId>\n    <version>1.11</version>\n</dependency>\n```  \n\n注意最後一個**commons-codec**依賴是我手動加入進來的，這是一個Apache的開源項目，可以用來生成MD5消息摘要，我在後文中將對密碼進行簡單的處理。  \n\n### 創建資料庫並配置\n\n為了簡化邏輯，我這裡創建了三個表，分別是用戶表、角色表、用戶角色關聯表，如下：  \n\n![p271]()  \n\n接下來我們需要在application.properties中對自己的資料庫進行簡單的配置，這裡各位小夥伴視自己的具體情況而定。  \n\n```\nspring.datasource.url=jdbc:mysql:///vueblog\nspring.datasource.username=root\nspring.datasource.password=123\n```  \n\n### 構造實體類\n\n這裡主要是指構造用戶類，這裡的用戶類比較特殊，必須實現UserDetails介面，如下：  \n\n```\npublic class User implements UserDetails {\n    private Long id;\n    private String username;\n    private String password;\n    private String nickname;\n    private boolean enabled;\n    private List<Role> roles;\n\n    @Override\n    public boolean isAccountNonExpired() {\n        return true;\n    }\n\n    @Override\n    public boolean isAccountNonLocked() {\n        return true;\n    }\n\n    @Override\n    public boolean isCredentialsNonExpired() {\n        return true;\n    }\n\n    @Override\n    public boolean isEnabled() {\n        return enabled;\n    }\n\n    @Override\n    public List<GrantedAuthority> getAuthorities() {\n        List<GrantedAuthority> authorities = new ArrayList<>();\n        for (Role role : roles) {\n            authorities.add(new SimpleGrantedAuthority(\"ROLE_\" + role.getName()));\n        }\n        return authorities;\n    }\n    //getter/setter省略...\n}\n```  \n\n實現了UserDetails介面之後，該介面中有幾個方法需要我們實現，四個返回Boolean的方法都是見名知意，enabled表示檔期帳戶是否啟用，這個我資料庫中確實有該欄位，因此根據查詢結果返回，其他的為了簡單期間都直接返回true，getAuthorities方法返回當前使用者的角色資訊，使用者的角色其實就是roles中的資料，將roles中的資料轉換為List<GrantedAuthority>之後返回即可，**這裡有一個要注意的地方，由於我在資料庫中存儲的角色名都是諸如‘超級管理員’、‘普通用戶’之類的，並不是以```ROLE_```這樣的字元開始的，因此需要在這裡手動加上```ROLE_```,切記**。  \n\n另外還有一個Role實體類，比較簡單，按照資料庫的欄位創建即可，這裡不再贅述。  \n\n### 創建UserService\n\n這裡的UserService也比較特殊，需要實現UserDetailsService介面，如下：  \n\n```\n@Service\npublic class UserService implements UserDetailsService {\n    @Autowired\n    UserMapper userMapper;\n    @Autowired\n    RolesMapper rolesMapper;\n\n    @Override\n    public UserDetails loadUserByUsername(String s) throws UsernameNotFoundException {\n        User user = userMapper.loadUserByUsername(s);\n        if (user == null) {\n            //避免返回null，這裡返回一個不含有任何值的User物件，在後期的密碼比對過程中一樣會驗證失敗\n            return new User();\n        }\n        //查詢使用者的角色資訊，並返回存入user中\n        List<Role> roles = rolesMapper.getRolesByUid(user.getId());\n        user.setRoles(roles);\n        return user;\n    }\n}\n```  \n\n實現了UserDetailsService介面之後，我們需要實現該介面中的loadUserByUsername方法，即根據用戶名查詢使用者。這裡注入了兩個MyBatis中的Mapper，UserMapper用來查詢用戶，RolesMapper用來查詢角色。在loadUserByUsername方法中，首先根據傳入的參數（參數就是用戶登錄時輸入的用戶名）去查詢用戶，如果查到的用戶為null，可以直接拋一個UsernameNotFoundException異常，但是我為了處理方便，返回了一個沒有任何值的User物件，這樣在後面的密碼比對過程中一樣會發現登錄失敗的（這裡大家根據自己的業務需求調整即可），如果查到的用戶不為null，此時我們根據查到的使用者id再去查詢該用戶的角色，並將查詢結果放入到user物件中，這個查詢結果將在user物件的getAuthorities方法中用上。  \n\n### Security配置\n\n我們先來看一下我的Security配置，然後我再來一一解釋：  \n\n```\n@Configuration\npublic class WebSecurityConfig extends WebSecurityConfigurerAdapter {\n    @Autowired\n    UserService userService;\n\n    @Override\n    protected void configure(AuthenticationManagerBuilder auth) throws Exception {\n        auth.userDetailsService(userService).passwordEncoder(new PasswordEncoder() {\n            @Override\n            public String encode(CharSequence charSequence) {\n                return DigestUtils.md5DigestAsHex(charSequence.toString().getBytes());\n            }\n\n            /**\n             * @param charSequence 明文\n             * @param s 密文\n             * @return\n             */\n            @Override\n            public boolean matches(CharSequence charSequence, String s) {\n                return s.equals(DigestUtils.md5DigestAsHex(charSequence.toString().getBytes()));\n            }\n        });\n    }\n\n    @Override\n    protected void configure(HttpSecurity http) throws Exception {\n        http.authorizeRequests()\n                .antMatchers(\"/admin/**\").hasRole(\"超級管理員\")\n                .anyRequest().authenticated()//其他的路徑都是登錄後即可訪問\n                .and().formLogin().loginPage(\"/login_page\").successHandler(new AuthenticationSuccessHandler() {\n            @Override\n            public void onAuthenticationSuccess(HttpServletRequest httpServletRequest, HttpServletResponse httpServletResponse, Authentication authentication) throws IOException, ServletException {\n                httpServletResponse.setContentType(\"application/json;charset=utf-8\");\n                PrintWriter out = httpServletResponse.getWriter();\n                out.write(\"{\\\"status\\\":\\\"ok\\\",\\\"msg\\\":\\\"登錄成功\\\"}\");\n                out.flush();\n                out.close();\n            }\n        })\n                .failureHandler(new AuthenticationFailureHandler() {\n                    @Override\n                    public void onAuthenticationFailure(HttpServletRequest httpServletRequest, HttpServletResponse httpServletResponse, AuthenticationException e) throws IOException, ServletException {\n                        httpServletResponse.setContentType(\"application/json;charset=utf-8\");\n                        PrintWriter out = httpServletResponse.getWriter();\n                        out.write(\"{\\\"status\\\":\\\"error\\\",\\\"msg\\\":\\\"登錄失敗\\\"}\");\n                        out.flush();\n                        out.close();\n                    }\n                }).loginProcessingUrl(\"/login\")\n                .usernameParameter(\"username\").passwordParameter(\"password\").permitAll()\n                .and().logout().permitAll().and().csrf().disable();\n    }\n\n    @Override\n    public void configure(WebSecurity web) throws Exception {\n        web.ignoring().antMatchers(\"/reg\");\n    }\n}\n```  \n\n這是我們配置的核心，小夥伴們聽我一一道來：   \n\n1.首先這是一個配置類，因此記得加上@Configuration注解，又因為這是Spring Security的配置，因此記得繼承WebSecurityConfigurerAdapter。  \n2.將剛剛創建好的UserService注入進來，一會我們要用。  \n3.configure(AuthenticationManagerBuilder auth)方法中用來配置我們的認證方式，在auth.userDetailsService()方法中傳入userService，這樣userService中的loadUserByUsername方法在用戶登錄時將會被自動調用。後面的passwordEncoder是可選項，可寫可不寫，因為我是將用戶的純文字密碼生成了MD5消息摘要後存入資料庫的，因此在登錄時也需要對純文字密碼進行處理，所以就加上了passwordEncoder，加上passwordEncoder後，直接new一個PasswordEncoder匿名內部類即可，這裡有兩個方法要實現，看名字就知道方法的含義，第一個方法encode顯然是對明文進行加密，這裡我使用了MD5消息摘要，具體的實現方法是由commons-codec依賴提供的；第二個方法matches是密碼的比對，兩個參數，第一個參數是純文字密碼，第二個是密文，這裡只需要對明文加密後和密文比較即可（小夥伴如果對此感興趣可以繼續考慮密碼加鹽）。   \n4.configure(HttpSecurity http)用來配置我們的認證規則等，authorizeRequests方法表示開啟了認證規則配置，antMatchers(\"/admin/**\").hasRole(\"超級管理員\")表示```/admin/**```的路徑需要有‘超級管理員’角色的用戶才能訪問，我在網上看到小夥伴對hasRole方法中要不要加```ROLE_```首碼有疑問,這裡是不要加的，如果用hasAuthority方法才需要加。anyRequest().authenticated()表示其他所有路徑都是需要認證/登錄後才能訪問。接下來我們配置了登錄頁面為login_page，登錄處理路徑為/login，登錄用戶名為username，密碼為password，並配置了這些路徑都可以直接訪問，註銷登陸也可以直接訪問，最後關閉csrf。在successHandler中，使用response返回登錄成功的json即可，切記不可以使用defaultSuccessUrl，defaultSuccessUrl是只登錄成功後重定向的頁面，failureHandler也是由於相同的原因不使用failureUrl。    \n5.configure(WebSecurity web)方法中我配置了一些過濾規則，不贅述。  \n6.另外，對於靜態檔，如```/images/**```、```/css/**```、```/js/**```這些路徑，這裡預設都是不攔截的。  \n\n### Controller\n\n最後來看看我們的Controller，如下：  \n\n```\n@RestController\npublic class LoginRegController {\n\n    /**\n     * 如果自動跳轉到這個頁面，說明使用者未登錄，返回相應的提示即可\n     * <p>\n     * 如果要支援表單登錄，可以在這個方法中判斷請求的類型，進而決定返回JSON還是HTML頁面\n     *\n     * @return\n     */\n    @RequestMapping(\"/login_page\")\n    public RespBean loginPage() {\n        return new RespBean(\"error\", \"尚未登錄，請登錄!\");\n    }\n}\n```  \n\n這個Controller整體來說還是比較簡單的，RespBean一個回應bean，返回一段簡單的json，不贅述，這裡需要小夥伴注意的是```login_page```,我們配置的登錄頁面是一個```login_page```,但實際上```login_page```並不是一個頁面，而是返回一段JSON，這是因為當我未登錄就去訪問其他頁面時Spring Security會自動跳轉到到```login_page```頁面，但是在Ajax請求中，不需要這種跳轉，我要的只是是否登錄的提示，所以這裡返回json即可。  \n\n### 測試\n\n最後小夥伴可以使用POSTMAN或者RESTClient等工具來測試登錄和許可權問題，我就不演示了。  \n\nOk，經過上文的介紹，想必小夥伴們對Spring Boot+Spring Security處理Ajax登錄請求已經有所瞭解了，好了，本文就說到這裡，有問題歡迎留言討論。  \n\n更多資料請關注公眾號：   \n\n![公眾號二維碼](https://mmbiz.qpic.cn/mmbiz_jpg/GvtDGKK4uYkO6VEW6XfkovAic6oA5LegzZKeRj0OwOZZQ8ic1tEoBOVBBOreAB9Dz32CN9MU19slrjn5qvxbR7pQ/0?wx_fmt=jpeg)  ', '<p>最近在專案中遇到了這樣一個問題：前後端分離，前端用Vue來做，所有的資料請求都使用vue-resource，沒有使用表單，因此資料交互都是使用JSON，後臺使用Spring Boot，許可權驗證使用了Spring Security，因為之前用Spring Security都是處理頁面的，這次單純處理Ajax請求，因此記錄下遇到的一些問題。這裡的解決方案不僅適用於Ajax請求，也可以解決移動端請求驗證。</p>\n<h3>創建工程</h3>\n<p>首先我們需要創建一個Spring Boot工程，創建時需要引入Web、Spring Security、MySQL和MyBatis(資料庫框架其實隨意，我這裡使用MyBatis)，創建好之後，依賴檔如下：</p>\n<pre><code class=\"lang-\">&lt;dependency&gt;\n    &lt;groupId&gt;org.mybatis.spring.boot&lt;/groupId&gt;\n    &lt;artifactId&gt;mybatis-spring-boot-starter&lt;/artifactId&gt;\n    &lt;version&gt;1.3.1&lt;/version&gt;\n&lt;/dependency&gt;\n&lt;dependency&gt;\n    &lt;groupId&gt;org.springframework.boot&lt;/groupId&gt;\n    &lt;artifactId&gt;spring-boot-starter-security&lt;/artifactId&gt;\n&lt;/dependency&gt;\n&lt;dependency&gt;\n    &lt;groupId&gt;org.springframework.boot&lt;/groupId&gt;\n    &lt;artifactId&gt;spring-boot-starter-web&lt;/artifactId&gt;\n&lt;/dependency&gt;\n&lt;dependency&gt;\n    &lt;groupId&gt;mysql&lt;/groupId&gt;\n    &lt;artifactId&gt;mysql-connector-java&lt;/artifactId&gt;\n    &lt;scope&gt;runtime&lt;/scope&gt;\n&lt;/dependency&gt;\n&lt;dependency&gt;\n    &lt;groupId&gt;commons-codec&lt;/groupId&gt;\n    &lt;artifactId&gt;commons-codec&lt;/artifactId&gt;\n    &lt;version&gt;1.11&lt;/version&gt;\n&lt;/dependency&gt;\n</code></pre>\n<p>注意最後一個<strong>commons-codec</strong>依賴是我手動加入進來的，這是一個Apache的開源項目，可以用來生成MD5消息摘要，我在後文中將對密碼進行簡單的處理。</p>\n<h3>創建資料庫並配置</h3>\n<p>為了簡化邏輯，我這裡創建了三個表，分別是用戶表、角色表、用戶角色關聯表，如下：</p>\n<p><img src=\"\" alt=\"p271\" /></p>\n<p>接下來我們需要在application.properties中對自己的資料庫進行簡單的配置，這裡各位小夥伴視自己的具體情況而定。</p>\n<pre><code class=\"lang-\">spring.datasource.url=jdbc:mysql:///vueblog\nspring.datasource.username=root\nspring.datasource.password=123\n</code></pre>\n<h3>構造實體類</h3>\n<p>這裡主要是指構造用戶類，這裡的用戶類比較特殊，必須實現UserDetails介面，如下：</p>\n<pre><code class=\"lang-\">public class User implements UserDetails {\n    private Long id;\n    private String username;\n    private String password;\n    private String nickname;\n    private boolean enabled;\n    private List&lt;Role&gt; roles;\n\n    @Override\n    public boolean isAccountNonExpired() {\n        return true;\n    }\n\n    @Override\n    public boolean isAccountNonLocked() {\n        return true;\n    }\n\n    @Override\n    public boolean isCredentialsNonExpired() {\n        return true;\n    }\n\n    @Override\n    public boolean isEnabled() {\n        return enabled;\n    }\n\n    @Override\n    public List&lt;GrantedAuthority&gt; getAuthorities() {\n        List&lt;GrantedAuthority&gt; authorities = new ArrayList&lt;&gt;();\n        for (Role role : roles) {\n            authorities.add(new SimpleGrantedAuthority(&quot;ROLE_&quot; + role.getName()));\n        }\n        return authorities;\n    }\n    //getter/setter省略...\n}\n</code></pre>\n<p>實現了UserDetails介面之後，該介面中有幾個方法需要我們實現，四個返回Boolean的方法都是見名知意，enabled表示檔期帳戶是否啟用，這個我資料庫中確實有該欄位，因此根據查詢結果返回，其他的為了簡單期間都直接返回true，getAuthorities方法返回當前使用者的角色資訊，使用者的角色其實就是roles中的資料，將roles中的資料轉換為List<GrantedAuthority>之後返回即可，<strong>這裡有一個要注意的地方，由於我在資料庫中存儲的角色名都是諸如‘超級管理員’、‘普通用戶’之類的，並不是以<code>ROLE_</code>這樣的字元開始的，因此需要在這裡手動加上<code>ROLE_</code>,切記</strong>。</p>\n<p>另外還有一個Role實體類，比較簡單，按照資料庫的欄位創建即可，這裡不再贅述。</p>\n<h3>創建UserService</h3>\n<p>這裡的UserService也比較特殊，需要實現UserDetailsService介面，如下：</p>\n<pre><code class=\"lang-\">@Service\npublic class UserService implements UserDetailsService {\n    @Autowired\n    UserMapper userMapper;\n    @Autowired\n    RolesMapper rolesMapper;\n\n    @Override\n    public UserDetails loadUserByUsername(String s) throws UsernameNotFoundException {\n        User user = userMapper.loadUserByUsername(s);\n        if (user == null) {\n            //避免返回null，這裡返回一個不含有任何值的User物件，在後期的密碼比對過程中一樣會驗證失敗\n            return new User();\n        }\n        //查詢使用者的角色資訊，並返回存入user中\n        List&lt;Role&gt; roles = rolesMapper.getRolesByUid(user.getId());\n        user.setRoles(roles);\n        return user;\n    }\n}\n</code></pre>\n<p>實現了UserDetailsService介面之後，我們需要實現該介面中的loadUserByUsername方法，即根據用戶名查詢使用者。這裡注入了兩個MyBatis中的Mapper，UserMapper用來查詢用戶，RolesMapper用來查詢角色。在loadUserByUsername方法中，首先根據傳入的參數（參數就是用戶登錄時輸入的用戶名）去查詢用戶，如果查到的用戶為null，可以直接拋一個UsernameNotFoundException異常，但是我為了處理方便，返回了一個沒有任何值的User物件，這樣在後面的密碼比對過程中一樣會發現登錄失敗的（這裡大家根據自己的業務需求調整即可），如果查到的用戶不為null，此時我們根據查到的使用者id再去查詢該用戶的角色，並將查詢結果放入到user物件中，這個查詢結果將在user物件的getAuthorities方法中用上。</p>\n<h3>Security配置</h3>\n<p>我們先來看一下我的Security配置，然後我再來一一解釋：</p>\n<pre><code class=\"lang-\">@Configuration\npublic class WebSecurityConfig extends WebSecurityConfigurerAdapter {\n    @Autowired\n    UserService userService;\n\n    @Override\n    protected void configure(AuthenticationManagerBuilder auth) throws Exception {\n        auth.userDetailsService(userService).passwordEncoder(new PasswordEncoder() {\n            @Override\n            public String encode(CharSequence charSequence) {\n                return DigestUtils.md5DigestAsHex(charSequence.toString().getBytes());\n            }\n\n            /**\n             * @param charSequence 明文\n             * @param s 密文\n             * @return\n             */\n            @Override\n            public boolean matches(CharSequence charSequence, String s) {\n                return s.equals(DigestUtils.md5DigestAsHex(charSequence.toString().getBytes()));\n            }\n        });\n    }\n\n    @Override\n    protected void configure(HttpSecurity http) throws Exception {\n        http.authorizeRequests()\n                .antMatchers(&quot;/admin/**&quot;).hasRole(&quot;超級管理員&quot;)\n                .anyRequest().authenticated()//其他的路徑都是登錄後即可訪問\n                .and().formLogin().loginPage(&quot;/login_page&quot;).successHandler(new AuthenticationSuccessHandler() {\n            @Override\n            public void onAuthenticationSuccess(HttpServletRequest httpServletRequest, HttpServletResponse httpServletResponse, Authentication authentication) throws IOException, ServletException {\n                httpServletResponse.setContentType(&quot;application/json;charset=utf-8&quot;);\n                PrintWriter out = httpServletResponse.getWriter();\n                out.write(&quot;{\\&quot;status\\&quot;:\\&quot;ok\\&quot;,\\&quot;msg\\&quot;:\\&quot;登錄成功\\&quot;}&quot;);\n                out.flush();\n                out.close();\n            }\n        })\n                .failureHandler(new AuthenticationFailureHandler() {\n                    @Override\n                    public void onAuthenticationFailure(HttpServletRequest httpServletRequest, HttpServletResponse httpServletResponse, AuthenticationException e) throws IOException, ServletException {\n                        httpServletResponse.setContentType(&quot;application/json;charset=utf-8&quot;);\n                        PrintWriter out = httpServletResponse.getWriter();\n                        out.write(&quot;{\\&quot;status\\&quot;:\\&quot;error\\&quot;,\\&quot;msg\\&quot;:\\&quot;登錄失敗\\&quot;}&quot;);\n                        out.flush();\n                        out.close();\n                    }\n                }).loginProcessingUrl(&quot;/login&quot;)\n                .usernameParameter(&quot;username&quot;).passwordParameter(&quot;password&quot;).permitAll()\n                .and().logout().permitAll().and().csrf().disable();\n    }\n\n    @Override\n    public void configure(WebSecurity web) throws Exception {\n        web.ignoring().antMatchers(&quot;/reg&quot;);\n    }\n}\n</code></pre>\n<p>這是我們配置的核心，小夥伴們聽我一一道來：</p>\n<p>1.首先這是一個配置類，因此記得加上@Configuration注解，又因為這是Spring Security的配置，因此記得繼承WebSecurityConfigurerAdapter。<br />\n2.將剛剛創建好的UserService注入進來，一會我們要用。<br />\n3.configure(AuthenticationManagerBuilder auth)方法中用來配置我們的認證方式，在auth.userDetailsService()方法中傳入userService，這樣userService中的loadUserByUsername方法在用戶登錄時將會被自動調用。後面的passwordEncoder是可選項，可寫可不寫，因為我是將用戶的純文字密碼生成了MD5消息摘要後存入資料庫的，因此在登錄時也需要對純文字密碼進行處理，所以就加上了passwordEncoder，加上passwordEncoder後，直接new一個PasswordEncoder匿名內部類即可，這裡有兩個方法要實現，看名字就知道方法的含義，第一個方法encode顯然是對明文進行加密，這裡我使用了MD5消息摘要，具體的實現方法是由commons-codec依賴提供的；第二個方法matches是密碼的比對，兩個參數，第一個參數是純文字密碼，第二個是密文，這裡只需要對明文加密後和密文比較即可（小夥伴如果對此感興趣可以繼續考慮密碼加鹽）。<br />\n4.configure(HttpSecurity http)用來配置我們的認證規則等，authorizeRequests方法表示開啟了認證規則配置，antMatchers(&quot;/admin/**&quot;).hasRole(“超級管理員”)表示<code>/admin/**</code>的路徑需要有‘超級管理員’角色的用戶才能訪問，我在網上看到小夥伴對hasRole方法中要不要加<code>ROLE_</code>首碼有疑問,這裡是不要加的，如果用hasAuthority方法才需要加。anyRequest().authenticated()表示其他所有路徑都是需要認證/登錄後才能訪問。接下來我們配置了登錄頁面為login_page，登錄處理路徑為/login，登錄用戶名為username，密碼為password，並配置了這些路徑都可以直接訪問，註銷登陸也可以直接訪問，最後關閉csrf。在successHandler中，使用response返回登錄成功的json即可，切記不可以使用defaultSuccessUrl，defaultSuccessUrl是只登錄成功後重定向的頁面，failureHandler也是由於相同的原因不使用failureUrl。<br />\n5.configure(WebSecurity web)方法中我配置了一些過濾規則，不贅述。<br />\n6.另外，對於靜態檔，如<code>/images/**</code>、<code>/css/**</code>、<code>/js/**</code>這些路徑，這裡預設都是不攔截的。</p>\n<h3>Controller</h3>\n<p>最後來看看我們的Controller，如下：</p>\n<pre><code class=\"lang-\">@RestController\npublic class LoginRegController {\n\n    /**\n     * 如果自動跳轉到這個頁面，說明使用者未登錄，返回相應的提示即可\n     * &lt;p&gt;\n     * 如果要支持表單登錄，可以在這個方法中判斷請求的類型，進而決定返回JSON還是HTML頁面\n     *\n     * @return\n     */\n    @RequestMapping(&quot;/login_page&quot;)\n    public RespBean loginPage() {\n        return new RespBean(&quot;error&quot;, &quot;尚未登錄，請登錄!&quot;);\n    }\n}\n</code></pre>\n<p>這個Controller整體來說還是比較簡單的，RespBean一個回應bean，返回一段簡單的json，不贅述，這裡需要小夥伴注意的是<code>login_page</code>,我們配置的登錄頁面是一個<code>login_page</code>,但實際上<code>login_page</code>並不是一個頁面，而是返回一段JSON，這是因為當我未登錄就去訪問其他頁面時Spring Security會自動跳轉到到<code>login_page</code>頁面，但是在Ajax請求中，不需要這種跳轉，我要的只是是否登錄的提示，所以這裡返回json即可。</p>\n<h3>測試</h3>\n<p>最後小夥伴可以使用POSTMAN或者RESTClient等工具來測試登錄和許可權問題，我就不演示了。</p>\n<p>Ok，經過上文的介紹，想必小夥伴們對Spring Boot+Spring Security處理Ajax登錄請求已經有所瞭解了，好了，本文就說到這裡，有問題歡迎留言討論。</p>\n<p>更多資料請關注公眾號：</p>\n<p><img src=\"https://mmbiz.qpic.cn/mmbiz_jpg/GvtDGKK4uYkO6VEW6XfkovAic6oA5LegzZKeRj0OwOZZQ8ic1tEoBOVBBOreAB9Dz32CN9MU19slrjn5qvxbR7pQ/0?wx_fmt=jpeg\" alt=\"公眾號二維碼\" /></p>\n', '最近在專案中遇到了這樣一個問題：前後端分離，前端用Vue來做，所有的資料請求都使用vue-resou', '60', '6', '2017-12-21 23:34:33', '2017-12-21 23:34:33', '1', '15');
INSERT INTO `article` VALUES ('117', '人生感悟', '人生感悟人生感悟人生感悟人生感悟人生感悟人生感悟人生感悟人生感悟人生感悟人生感悟人生感悟人生感悟人生感悟人生感悟人生感悟人生感悟人生感悟人生感悟人生感悟人生感悟人生感悟人生感悟人生感悟人生感悟人生感悟人生感悟人生感悟人生感悟人生感悟人生感悟人生感悟人生感悟人生感悟人生感悟人生感悟人生感悟人生感悟人生感悟人生感悟人生感悟人生感悟人生感悟人生感悟人生感悟人生感悟人生感悟人生感悟人生感悟人生感悟人生感悟人生感悟人生感悟人生感悟人生感悟人生感悟人生感悟人生感悟人生感悟人生感悟人生感悟人生感悟人生感悟人生感悟人生感悟人生感悟人生感悟人生感悟人生感悟人生感悟人生感悟人生感悟人生感悟人生感悟人生感悟人生感悟人生感悟人生感悟人生感悟人生感悟人生感悟人生感悟人生感悟人生感悟人生感悟人生感悟人生感悟人生感悟人生感悟人生感悟人生感悟人生感悟人生感悟人生感悟人生感悟人生感悟人生感悟人生感悟人生感悟人生感悟人生感悟人生感悟人生感悟人生感悟人生感悟人生感悟人生感悟人生感悟人生感悟人生感悟人生感悟人生感悟人生感悟人生感悟人生感悟人生感悟人生感悟人生感悟人生感悟人生感悟人生感悟人生感悟人生感悟人生感悟人生感悟人生感悟人生感悟人生感悟人生感悟人生感悟人生感悟人生感悟人生感悟人生感悟人生感悟人生感悟人生感悟人生感悟人生感悟人生感悟人生感悟人生感悟人生感悟', '<p>人生感悟人生感悟人生感悟人生感悟人生感悟人生感悟人生感悟人生感悟人生感悟人生感悟人生感悟人生感悟人生感悟人生感悟人生感悟人生感悟人生感悟人生感悟人生感悟人生感悟人生感悟人生感悟人生感悟人生感悟人生感悟人生感悟人生感悟人生感悟人生感悟人生感悟人生感悟人生感悟人生感悟人生感悟人生感悟人生感悟人生感悟人生感悟人生感悟人生感悟人生感悟人生感悟人生感悟人生感悟人生感悟人生感悟人生感悟人生感悟人生感悟人生感悟人生感悟人生感悟人生感悟人生感悟人生感悟人生感悟人生感悟人生感悟人生感悟人生感悟人生感悟人生感悟人生感悟人生感悟人生感悟人生感悟人生感悟人生感悟人生感悟人生感悟人生感悟人生感悟人生感悟人生感悟人生感悟人生感悟人生感悟人生感悟人生感悟人生感悟人生感悟人生感悟人生感悟人生感悟人生感悟人生感悟人生感悟人生感悟人生感悟人生感悟人生感悟人生感悟人生感悟人生感悟人生感悟人生感悟人生感悟人生感悟人生感悟人生感悟人生感悟人生感悟人生感悟人生感悟人生感悟人生感悟人生感悟人生感悟人生感悟人生感悟人生感悟人生感悟人生感悟人生感悟人生感悟人生感悟人生感悟人生感悟人生感悟人生感悟人生感悟人生感悟人生感悟人生感悟人生感悟人生感悟人生感悟人生感悟人生感悟人生感悟人生感悟人生感悟人生感悟人生感悟人生感悟人生感悟人生感悟人生感悟人生感悟人生感悟人生感悟人生感悟</p>\n', '人生感悟人生感悟人生感悟人生感悟人生感悟人生感悟人生感悟人生感悟人生感悟人生感悟人生感悟人生感悟人生', '58', '7', null, '2017-12-22 10:22:33', '2', '0');
INSERT INTO `article` VALUES ('118', '初識MongoDB中的索引', '索引就像圖書的目錄一樣，可以讓我們快速定位到需要的內容，關係型數據庫中有索引，NoSQL中當然也有，本文我們就先來簡單介紹下MongoDB中的索引。  \n\n本文是MongoDB系列的第九篇文章，瞭解前面的文章有助於更好的理解本文：  \n\n\n![Image 083.png](http://localhost:80/blogimg/20171223/b13e845a-29f7-402c-a2d4-cc7830fd767e_Image083.png)\n---\n1.[Linux上安裝MongoDB](http://mp.weixin.qq.com/s/R4HpFO60BQ0-dnTMVQOvhw)  \n2.[MongoDB基本操作](http://mp.weixin.qq.com/s/qhCrjbEgH4FpDv-2sjFEAQ)  \n3.[MongoDB資料類型](http://mp.weixin.qq.com/s/tVC2Uq30qWx4o3eB2aXlmQ)  \n4.[MongoDB文檔更新操作](http://mp.weixin.qq.com/s/wM-xmd4Al0zk4hGTEfr8LQ)  \n5.[MongoDB文檔查詢操作(一)](http://mp.weixin.qq.com/s/VfdZ5QX5I4blMTsMl-IEbg)  \n6.[MongoDB文檔查詢操作(二)](http://mp.weixin.qq.com/s/_JWWvBzdDUCtzdjcIMfcQQ)  \n7.[MongoDB文檔查詢操作(三)](http://mp.weixin.qq.com/s/hkSP-i-_vzLy1-hkdq3o4w)  \n8.[MongoDB查看執行計畫](http://mp.weixin.qq.com/s/sH3eN7IF6zMedDeC_Vpcww)  \n\n---  \n\n## 索引創建\n\n預設情況下，集合中的```_id```欄位就是索引，我們可以通過getIndexes()方法來查看一個集合中的索引：  \n\n```\ndb.sang_collect.getIndexes()\n```  \n\n結果如下：  \n\n```\n[\n    {\n        \"v\" : 2,\n        \"key\" : {\n            \"_id\" : 1\n        },\n        \"name\" : \"_id_\",\n        \"ns\" : \"sang.sang_collect\"\n    }\n]\n```  \n\n我們看到這裡只有一個索引，就是```_id```。   \n\n現在我的集合中有10000個文檔，我想要查詢x為1的文檔，我的查詢操作如下：  \n\n```\ndb.sang_collect.find({x:1})\n```  \n\n這種查詢預設情況下會做全資料表掃描，我們可以用上篇文章介紹的explain()來查看一下查詢計畫，如下：  \n\n```\ndb.sang_collect.find({x:1}).explain(\"executionStats\")\n```  \n\n結果如下：  \n\n```\n{\n    \"queryPlanner\" : {\n    },\n    \"executionStats\" : {\n        \"executionSuccess\" : true,\n        \"nReturned\" : 1,\n        \"executionTimeMillis\" : 15,\n        \"totalKeysExamined\" : 0,\n        \"totalDocsExamined\" : 10000,\n        \"executionStages\" : {\n            \"stage\" : \"COLLSCAN\",\n            \"filter\" : {\n                \"x\" : {\n                    \"$eq\" : 1.0\n                }\n            },\n            \"nReturned\" : 1,\n            \"executionTimeMillisEstimate\" : 29,\n            \"works\" : 10002,\n            \"advanced\" : 1,\n            \"needTime\" : 10000,\n            \"needYield\" : 0,\n            \"saveState\" : 78,\n            \"restoreState\" : 78,\n            \"isEOF\" : 1,\n            \"invalidates\" : 0,\n            \"direction\" : \"forward\",\n            \"docsExamined\" : 10000\n        }\n    },\n    \"serverInfo\" : {\n    },\n    \"ok\" : 1.0\n}\n```  \n\n結果比較長，我摘取了關鍵的一部分。我們可以看到查詢方式是全資料表掃描，一共掃描了10000個文檔才查出來我要的結果。實際上我要的文檔就排第二個，但是系統不知道這個集合中一共有多少個x為1的文檔，所以會把全資料表掃描完，這種方式當然很低效，但是如果我加上limit，如下：  \n\n```\ndb.sang_collect.find({x:1}).limit(1)\n```  \n\n此時再看查詢計畫發現只掃描了兩個文檔就有結果了，但是如果我要查詢x為9999的記錄，那還是得把全資料表掃描一遍，此時，我們就可以給該欄位建立索引，索引建立方式如下：  \n\n```\ndb.sang_collect.ensureIndex({x:1})\n```  \n\n1表示昇冪，-1表示降冪。當我們給x欄位建立索引之後，再根據x欄位去查詢，速度就非常快了，我們看下面這個查詢操作的執行計畫：  \n\n```\ndb.sang_collect.find({x:9999}).explain(\"executionStats\")\n```  \n\n這個查詢計畫過長我就不貼出來了，我們可以重點關注查詢要耗費的時間大幅度下降。  \n\n此時調用getIndexes()方法可以看到我們剛剛創建的索引，如下：  \n\n```\n[\n    {\n        \"v\" : 2,\n        \"key\" : {\n            \"_id\" : 1\n        },\n        \"name\" : \"_id_\",\n        \"ns\" : \"sang.sang_collect\"\n    },\n    {\n        \"v\" : 2,\n        \"key\" : {\n            \"x\" : 1.0\n        },\n        \"name\" : \"x_1\",\n        \"ns\" : \"sang.sang_collect\"\n    }\n]\n```  \n我們看到每個索引都有一個名字，預設的索引名字為```欄位名_排序值```，當然我們也可以在創建索引時自訂索引名字，如下：  \n\n```\ndb.sang_collect.ensureIndex({x:1},{name:\"myfirstindex\"})\n```  \n\n此時創建好的索引如下：  \n\n```\n{\n    \"v\" : 2,\n    \"key\" : {\n        \"x\" : 1.0\n    },\n    \"name\" : \"myfirstindex\",\n    \"ns\" : \"sang.sang_collect\"\n}\n```  \n\n當然索引在創建的過程中還有許多其他可選參數，如下：  \n\n```\ndb.sang_collect.ensureIndex({x:1},{name:\"myfirstindex\",dropDups:true,background:true,unique:true,sparse:true,v:1,weights:99999})\n```  \n\n關於這裡的參數，我說一下：  \n\n>1.name表示索引的名稱  \n>2.dropDups表示創建唯一性索引時如果出現重複，則將重複的刪除，只保留第一個  \n>3.background是否在後臺創建索引，在後臺創建索引不影響資料庫當前的操作，預設為false  \n>4.unique是否創建唯一索引，預設false  \n>5.sparse對文檔中不存在的欄位是否不起用索引，預設false\n>6.v表示索引的版本號，預設為2  \n>7.weights表示索引的權重  \n\n此時創建好的索引如下：  \n\n```\n{\n    \"v\" : 1,\n    \"unique\" : true,\n    \"key\" : {\n        \"x\" : 1.0\n    },\n    \"name\" : \"myfirstindex\",\n    \"ns\" : \"sang.sang_collect\",\n    \"background\" : true,\n    \"sparse\" : true,\n    \"weights\" : 99999.0\n}\n```  \n\n## 查看索引\n\n上文我們介紹了getIndexes()可以用來查看索引，我們還可以通過totalIndexSize()來查看索引的大小，如下：  \n\n```\ndb.sang_collect.totalIndexSize()\n```  \n\n## 刪除索引\n\n我們可以按名稱刪除索引，如下：  \n\n```\ndb.sang_collect.dropIndex(\"xIndex\")\n```  \n\n表示刪除一個名為xIndex的索引，當然我們也可以刪除所有索引，如下：  \n\n```\ndb.sang_collect.dropIndexes()\n```  \n\n## 總結\n\n索引是個好東西，可以有效的提高查詢速度，但是索引會降低插入、更新和刪除的速度，因為這些操作不僅要更新文檔，還要更新索引，MongoDB限制每個集合上最多有64個索引，我們在創建索引時要仔細斟酌索引的欄位。   \n\n好了，MongoDB中的索引入門我們就說到這裡，小夥伴們有問題歡迎留言討論。   \n\n參考資料：  \n\n1.《MongoDB權威指南第2版》  \n\n更多資料請關注公眾號：  \n\n![公眾號二維碼](https://mmbiz.qpic.cn/mmbiz_jpg/GvtDGKK4uYkO6VEW6XfkovAic6oA5LegzZKeRj0OwOZZQ8ic1tEoBOVBBOreAB9Dz32CN9MU19slrjn5qvxbR7pQ/0?wx_fmt=jpeg)   ', '<p>索引就像圖書的目錄一樣，可以讓我們快速定位到需要的內容，關係型數據庫中有索引，NoSQL中當然也有，本文我們就先來簡單介紹下MongoDB中的索引。</p>\n<p>本文是MongoDB系列的第九篇文章，瞭解前面的文章有助於更好的理解本文：</p>\n<h2><img src=\"http://localhost:80/blogimg/20171223/b13e845a-29f7-402c-a2d4-cc7830fd767e_Image083.png\" alt=\"Image 083.png\" /></h2>\n<p>1.<a href=\"http://mp.weixin.qq.com/s/R4HpFO60BQ0-dnTMVQOvhw\" target=\"_blank\">Linux上安裝MongoDB</a><br />\n2.<a href=\"http://mp.weixin.qq.com/s/qhCrjbEgH4FpDv-2sjFEAQ\" target=\"_blank\">MongoDB基本操作</a><br />\n3.<a href=\"http://mp.weixin.qq.com/s/tVC2Uq30qWx4o3eB2aXlmQ\" target=\"_blank\">MongoDB資料類型</a><br />\n4.<a href=\"http://mp.weixin.qq.com/s/wM-xmd4Al0zk4hGTEfr8LQ\" target=\"_blank\">MongoDB文檔更新操作</a><br />\n5.<a href=\"http://mp.weixin.qq.com/s/VfdZ5QX5I4blMTsMl-IEbg\" target=\"_blank\">MongoDB文檔查詢操作(一)</a><br />\n6.<a href=\"http://mp.weixin.qq.com/s/_JWWvBzdDUCtzdjcIMfcQQ\" target=\"_blank\">MongoDB文檔查詢操作(二)</a><br />\n7.<a href=\"http://mp.weixin.qq.com/s/hkSP-i-_vzLy1-hkdq3o4w\" target=\"_blank\">MongoDB文檔查詢操作(三)</a><br />\n8.<a href=\"http://mp.weixin.qq.com/s/sH3eN7IF6zMedDeC_Vpcww\" target=\"_blank\">MongoDB查看執行計畫</a></p>\n<hr />\n<h2>索引創建</h2>\n<p>預設情況下，集合中的<code>_id</code>欄位就是索引，我們可以通過getIndexes()方法來查看一個集合中的索引：</p>\n<pre><code class=\"lang-\">db.sang_collect.getIndexes()\n</code></pre>\n<p>結果如下：</p>\n<pre><code class=\"lang-\">[\n    {\n        &quot;v&quot; : 2,\n        &quot;key&quot; : {\n            &quot;_id&quot; : 1\n        },\n        &quot;name&quot; : &quot;_id_&quot;,\n        &quot;ns&quot; : &quot;sang.sang_collect&quot;\n    }\n]\n</code></pre>\n<p>我們看到這裡只有一個索引，就是<code>_id</code>。</p>\n<p>現在我的集合中有10000個文檔，我想要查詢x為1的文檔，我的查詢操作如下：</p>\n<pre><code class=\"lang-\">db.sang_collect.find({x:1})\n</code></pre>\n<p>這種查詢預設情況下會做全資料表掃描，我們可以用上篇文章介紹的explain()來查看一下查詢計畫，如下：</p>\n<pre><code class=\"lang-\">db.sang_collect.find({x:1}).explain(&quot;executionStats&quot;)\n</code></pre>\n<p>結果如下：</p>\n<pre><code class=\"lang-\">{\n    &quot;queryPlanner&quot; : {\n    },\n    &quot;executionStats&quot; : {\n        &quot;executionSuccess&quot; : true,\n        &quot;nReturned&quot; : 1,\n        &quot;executionTimeMillis&quot; : 15,\n        &quot;totalKeysExamined&quot; : 0,\n        &quot;totalDocsExamined&quot; : 10000,\n        &quot;executionStages&quot; : {\n            &quot;stage&quot; : &quot;COLLSCAN&quot;,\n            &quot;filter&quot; : {\n                &quot;x&quot; : {\n                    &quot;$eq&quot; : 1.0\n                }\n            },\n            &quot;nReturned&quot; : 1,\n            &quot;executionTimeMillisEstimate&quot; : 29,\n            &quot;works&quot; : 10002,\n            &quot;advanced&quot; : 1,\n            &quot;needTime&quot; : 10000,\n            &quot;needYield&quot; : 0,\n            &quot;saveState&quot; : 78,\n            &quot;restoreState&quot; : 78,\n            &quot;isEOF&quot; : 1,\n            &quot;invalidates&quot; : 0,\n            &quot;direction&quot; : &quot;forward&quot;,\n            &quot;docsExamined&quot; : 10000\n        }\n    },\n    &quot;serverInfo&quot; : {\n    },\n    &quot;ok&quot; : 1.0\n}\n</code></pre>\n<p>結果比較長，我摘取了關鍵的一部分。我們可以看到查詢方式是全資料表掃描，一共掃描了10000個文檔才查出來我要的結果。實際上我要的文檔就排第二個，但是系統不知道這個集合中一共有多少個x為1的文檔，所以會把全資料表掃描完，這種方式當然很低效，但是如果我加上limit，如下：</p>\n<pre><code class=\"lang-\">db.sang_collect.find({x:1}).limit(1)\n</code></pre>\n<p>此時再看查詢計畫發現只掃描了兩個文檔就有結果了，但是如果我要查詢x為9999的記錄，那還是得把全資料表掃描一遍，此時，我們就可以給該欄位建立索引，索引建立方式如下：</p>\n<pre><code class=\"lang-\">db.sang_collect.ensureIndex({x:1})\n</code></pre>\n<p>1表示昇冪，-1表示降冪。當我們給x欄位建立索引之後，再根據x欄位去查詢，速度就非常快了，我們看下面這個查詢操作的執行計畫：</p>\n<pre><code class=\"lang-\">db.sang_collect.find({x:9999}).explain(&quot;executionStats&quot;)\n</code></pre>\n<p>這個查詢計畫過長我就不貼出來了，我們可以重點關注查詢要耗費的時間大幅度下降。</p>\n<p>此時調用getIndexes()方法可以看到我們剛剛創建的索引，如下：</p>\n<pre><code class=\"lang-\">[\n    {\n        &quot;v&quot; : 2,\n        &quot;key&quot; : {\n            &quot;_id&quot; : 1\n        },\n        &quot;name&quot; : &quot;_id_&quot;,\n        &quot;ns&quot; : &quot;sang.sang_collect&quot;\n    },\n    {\n        &quot;v&quot; : 2,\n        &quot;key&quot; : {\n            &quot;x&quot; : 1.0\n        },\n        &quot;name&quot; : &quot;x_1&quot;,\n        &quot;ns&quot; : &quot;sang.sang_collect&quot;\n    }\n]\n</code></pre>\n<p>我們看到每個索引都有一個名字，預設的索引名字為<code>欄位名_排序值</code>，當然我們也可以在創建索引時自訂索引名字，如下：</p>\n<pre><code class=\"lang-\">db.sang_collect.ensureIndex({x:1},{name:&quot;myfirstindex&quot;})\n</code></pre>\n<p>此時創建好的索引如下：</p>\n<pre><code class=\"lang-\">{\n    &quot;v&quot; : 2,\n    &quot;key&quot; : {\n        &quot;x&quot; : 1.0\n    },\n    &quot;name&quot; : &quot;myfirstindex&quot;,\n    &quot;ns&quot; : &quot;sang.sang_collect&quot;\n}\n</code></pre>\n<p>當然索引在創建的過程中還有許多其他可選參數，如下：</p>\n<pre><code class=\"lang-\">db.sang_collect.ensureIndex({x:1},{name:&quot;myfirstindex&quot;,dropDups:true,background:true,unique:true,sparse:true,v:1,weights:99999})\n</code></pre>\n<p>關於這裡的參數，我說一下：</p>\n<blockquote>\n<p>1.name表示索引的名稱<br />\n2.dropDups表示創建唯一性索引時如果出現重複，則將重複的刪除，只保留第一個<br />\n3.background是否在後臺創建索引，在後臺創建索引不影響資料庫當前的操作，預設為false<br />\n4.unique是否創建唯一索引，預設false<br />\n5.sparse對文檔中不存在的欄位是否不起用索引，預設false<br />\n6.v表示索引的版本號，預設為2<br />\n7.weights表示索引的權重</p>\n</blockquote>\n<p>此時創建好的索引如下：</p>\n<pre><code class=\"lang-\">{\n    &quot;v&quot; : 1,\n    &quot;unique&quot; : true,\n    &quot;key&quot; : {\n        &quot;x&quot; : 1.0\n    },\n    &quot;name&quot; : &quot;myfirstindex&quot;,\n    &quot;ns&quot; : &quot;sang.sang_collect&quot;,\n    &quot;background&quot; : true,\n    &quot;sparse&quot; : true,\n    &quot;weights&quot; : 99999.0\n}\n</code></pre>\n<h2>查看索引</h2>\n<p>上文我們介紹了getIndexes()可以用來查看索引，我們還可以通過totalIndexSize()來查看索引的大小，如下：</p>\n<pre><code class=\"lang-\">db.sang_collect.totalIndexSize()\n</code></pre>\n<h2>刪除索引</h2>\n<p>我們可以按名稱刪除索引，如下：</p>\n<pre><code class=\"lang-\">db.sang_collect.dropIndex(&quot;xIndex&quot;)\n</code></pre>\n<p>表示刪除一個名為xIndex的索引，當然我們也可以刪除所有索引，如下：</p>\n<pre><code class=\"lang-\">db.sang_collect.dropIndexes()\n</code></pre>\n<h2>總結</h2>\n<p>索引是個好東西，可以有效的提高查詢速度，但是索引會降低插入、更新和刪除的速度，因為這些操作不僅要更新文檔，還要更新索引，MongoDB限制每個集合上最多有64個索引，我們在創建索引時要仔細斟酌索引的欄位。</p>\n<p>好了，MongoDB中的索引入門我們就說到這裡，小夥伴們有問題歡迎留言討論。</p>\n<p>參考資料：</p>\n<p>1.《MongoDB權威指南第2版》</p>\n<p>更多資料請關注公眾號：</p>\n<p><img src=\"https://mmbiz.qpic.cn/mmbiz_jpg/GvtDGKK4uYkO6VEW6XfkovAic6oA5LegzZKeRj0OwOZZQ8ic1tEoBOVBBOreAB9Dz32CN9MU19slrjn5qvxbR7pQ/0?wx_fmt=jpeg\" alt=\"公眾號二維碼\" /></p>\n', '索引就像圖書的目錄一樣，可以讓我們快速定位到需要的內容，關係型數據庫中有索引，NoSQL中當然也有，', '64', '6', '2017-12-23 21:42:59', '2017-12-23 21:42:59', '1', '999');
INSERT INTO `article` VALUES ('119', 'Git學習資料', '關於Git的用法我們已經寫七篇文章，介紹了Git的不少用法，這些足以應付工作中90%的需求了，剩下的10%就需要小夥伴們在工作中自己慢慢總結了，我這裡再給小夥伴們推薦一點Git學習資料，為我們的Git系列畫上一個句號。  \n\n\n![Image 012.png](http://localhost:80/blogimg/20171224/9f628a1d-2acd-412f-b9a6-b52acf779138_Image012.png)\n\n## 書\n\n推薦兩本個人覺得很不錯的書：  \n\n1.《GitHub入門與實踐》  \n2.《Pro Git》  \n\n《GitHub入門與實踐》秉承了日系技術書刊一貫的“手把手教學”風格，作者用親切的語言，簡明扼要的介紹，配以生動詳實的示例一步步講解GitHub和Git的使用方法。《Pro Git》作為Git官方推薦書籍，《Pro Git》值得Git初學者和愛好者認真閱讀一遍。  \n\n## 網站\n\n1.https://learngitbranching.js.org  \n\n連結是一個git學習網站，我們可以直接在上面練習git命令。  \n\n## 博客\n\n推薦本公號前面的幾篇教程:  \n\n---\n1.[Git概述](https://mp.weixin.qq.com/s/3RheAJ9LYKK5BnVr331h5A)  \n2.[Git基本操作](https://mp.weixin.qq.com/s/S1T4wy3srmLvXgIjvpVEwg)  \n3.[Git中的各種後悔藥](https://mp.weixin.qq.com/s/WiLnRQfDVITHMYzGl9pAzQ)  \n4.[Git分支管理](https://mp.weixin.qq.com/s/9OZY7x9DSyRO7T56TyDJ8Q)  \n5.[Git關聯遠程倉庫](https://mp.weixin.qq.com/s/x5bRe4QBMoVFKv5jNl9iRw)  \n6.[Git工作區儲藏兼談分支管理中的一個小問題](https://mp.weixin.qq.com/s/S5rrBQoWwof7n3ZRTrZGWQ)  \n7.[Git標籤管理](https://mp.weixin.qq.com/s/Jwr4fjCw7MBUD-CalVXhZQ)  \n\n---  \n\n更多JavaEE和Git資料請關注公眾號：   \n\n![公眾號二維碼](https://mmbiz.qpic.cn/mmbiz_jpg/GvtDGKK4uYkO6VEW6XfkovAic6oA5LegzZKeRj0OwOZZQ8ic1tEoBOVBBOreAB9Dz32CN9MU19slrjn5qvxbR7pQ/0?wx_fmt=jpeg)   ', '<p>關於Git的用法我們已經寫七篇文章，介紹了Git的不少用法，這些足以應付工作中90%的需求了，剩下的10%就需要小夥伴們在工作中自己慢慢總結了，我這裡再給小夥伴們推薦一點Git學習資料，為我們的Git系列畫上一個句號。</p>\n<p><img src=\"http://localhost:80/blogimg/20171224/9f628a1d-2acd-412f-b9a6-b52acf779138_Image012.png\" alt=\"Image 012.png\" /></p>\n<h2>書</h2>\n<p>推薦兩本個人覺得很不錯的書：</p>\n<p>1.《GitHub入門與實踐》<br />\n2.《Pro Git》</p>\n<p>《GitHub入門與實踐》秉承了日系技術書刊一貫的“手把手教學”風格，作者用親切的語言，簡明扼要的介紹，配以生動詳實的示例一步步講解GitHub和Git的使用方法。《Pro Git》作為Git官方推薦書籍，《Pro Git》值得Git初學者和愛好者認真閱讀一遍。</p>\n<h2>網站</h2>\n<p>1.https://learngitbranching.js.org</p>\n<p>連結是一個git學習網站，我們可以直接在上面練習git命令。</p>\n<h2>博客</h2>\n<p>推薦本公號前面的幾篇教程:</p>\n<hr />\n<p>1.<a href=\"https://mp.weixin.qq.com/s/3RheAJ9LYKK5BnVr331h5A\" target=\"_blank\">Git概述</a><br />\n2.<a href=\"https://mp.weixin.qq.com/s/S1T4wy3srmLvXgIjvpVEwg\" target=\"_blank\">Git基本操作</a><br />\n3.<a href=\"https://mp.weixin.qq.com/s/WiLnRQfDVITHMYzGl9pAzQ\" target=\"_blank\">Git中的各種後悔藥</a><br />\n4.<a href=\"https://mp.weixin.qq.com/s/9OZY7x9DSyRO7T56TyDJ8Q\" target=\"_blank\">Git分支管理</a><br />\n5.<a href=\"https://mp.weixin.qq.com/s/x5bRe4QBMoVFKv5jNl9iRw\" target=\"_blank\">Git關聯遠程倉庫</a><br />\n6.<a href=\"https://mp.weixin.qq.com/s/S5rrBQoWwof7n3ZRTrZGWQ\" target=\"_blank\">Git工作區儲藏兼談分支管理中的一個小問題</a><br />\n7.<a href=\"https://mp.weixin.qq.com/s/Jwr4fjCw7MBUD-CalVXhZQ\" target=\"_blank\">Git標籤管理</a></p>\n<hr />\n<p>更多JavaEE和Git資料請關注公眾號：</p>\n<p><img src=\"https://mmbiz.qpic.cn/mmbiz_jpg/GvtDGKK4uYkO6VEW6XfkovAic6oA5LegzZKeRj0OwOZZQ8ic1tEoBOVBBOreAB9Dz32CN9MU19slrjn5qvxbR7pQ/0?wx_fmt=jpeg\" alt=\"公眾號二維碼\" /></p>\n', '關於Git的用法我們已經寫七篇文章，介紹了Git的不少用法，這些足以應付工作中90%的需求了，剩下的', '61', '7', '2017-12-24 09:00:05', '2017-12-24 09:00:05', '1', '2');
INSERT INTO `article` VALUES ('120', '人生感悟2222666666666', '人生感悟2人生感悟2人生感悟2人生感悟2人生感悟2人生感悟2人生感悟2人生感悟2人生感悟2人生感悟2人生感悟2人生感悟2人生感悟2人生感悟2人生感悟2人生感悟2人生感悟2人生感悟2人生感悟2人生感悟2人生感悟2人生感悟2人生感悟2人生感悟2人生感悟2人生感悟2人生感悟2人生感悟2人生感悟2人生感悟2人生感悟2人生感悟2人生感悟2人生感悟2人生感悟2人生感悟2人生感悟2人生感悟2人生感悟2人生感悟2人生感悟2人生感悟2人生感悟2人生感悟2人生感悟2人生感悟2人生感悟2人生感悟2人生感悟2人生感悟2人生感悟2人生感悟2人生感悟2人生感悟2人生感悟2人生感悟2人生感悟2人生感悟2人生感悟2人生感悟2人生感悟2人生感悟2人生感悟2人生感悟2人生感悟2人生感悟2人生感悟2人生感悟2人生感悟2人生感悟2人生感悟2人生感悟2人生感悟2人生感悟2人生感悟2人生感悟2人生感悟2人生感悟2人生感悟2人生感悟2人生感悟2人生感悟2人生感悟2人生感悟2人生感悟2人生感悟2人生感悟2人生感悟2人生感悟2人生感悟2人生感悟2人生感悟2人生感悟2人生感悟2人生感悟2人生感悟2人生感悟2人生感悟2人生感悟2', '<p>人生感悟2人生感悟2人生感悟2人生感悟2人生感悟2人生感悟2人生感悟2人生感悟2人生感悟2人生感悟2人生感悟2人生感悟2人生感悟2人生感悟2人生感悟2人生感悟2人生感悟2人生感悟2人生感悟2人生感悟2人生感悟2人生感悟2人生感悟2人生感悟2人生感悟2人生感悟2人生感悟2人生感悟2人生感悟2人生感悟2人生感悟2人生感悟2人生感悟2人生感悟2人生感悟2人生感悟2人生感悟2人生感悟2人生感悟2人生感悟2人生感悟2人生感悟2人生感悟2人生感悟2人生感悟2人生感悟2人生感悟2人生感悟2人生感悟2人生感悟2人生感悟2人生感悟2人生感悟2人生感悟2人生感悟2人生感悟2人生感悟2人生感悟2人生感悟2人生感悟2人生感悟2人生感悟2人生感悟2人生感悟2人生感悟2人生感悟2人生感悟2人生感悟2人生感悟2人生感悟2人生感悟2人生感悟2人生感悟2人生感悟2人生感悟2人生感悟2人生感悟2人生感悟2人生感悟2人生感悟2人生感悟2人生感悟2人生感悟2人生感悟2人生感悟2人生感悟2人生感悟2人生感悟2人生感悟2人生感悟2人生感悟2人生感悟2人生感悟2人生感悟2人生感悟2人生感悟2人生感悟2人生感悟2人生感悟2</p>\n', '人生感悟2人生感悟2人生感悟2人生感悟2人生感悟2人生感悟2人生感悟2人生感悟2人生感悟2人生感悟2', '58', '6', '2017-12-24 10:10:33', '2017-12-24 10:10:33', '1', '5');
INSERT INTO `article` VALUES ('121', '感悟感悟', '啊啊啊啊啊啊啊啊啊啊啊啊啊啊啊啊啊啊啊啊啊啊啊啊啊啊啊啊啊啊啊啊啊啊啊啊啊啊啊啊啊啊啊啊啊啊啊啊啊啊啊啊啊啊啊啊啊啊啊啊啊啊啊啊啊啊啊啊啊啊啊啊啊啊啊啊啊啊啊啊啊啊啊啊啊啊啊啊啊啊啊啊啊啊啊啊啊啊啊啊啊啊啊啊啊啊啊啊啊啊啊啊啊啊啊啊啊啊啊啊啊啊啊啊啊啊啊啊啊啊啊啊啊啊啊啊啊啊啊啊啊啊啊啊啊啊啊啊啊啊啊啊啊啊啊啊啊啊啊啊啊啊啊啊啊啊啊啊啊啊啊啊啊啊啊啊啊啊啊啊啊啊啊啊啊啊啊啊啊啊啊啊啊啊啊啊啊啊啊啊啊啊啊啊啊啊啊啊啊啊啊啊啊啊啊啊啊啊啊啊啊啊啊啊啊啊啊啊啊啊啊啊啊啊啊啊啊啊啊啊啊啊啊啊啊啊啊啊啊啊啊啊啊啊啊啊啊啊啊啊啊啊啊啊啊啊啊啊啊啊啊啊啊啊啊啊啊啊啊啊啊啊啊啊啊啊啊啊啊啊啊啊啊啊啊啊啊啊啊啊啊啊啊啊啊啊啊啊啊啊啊啊啊啊啊啊啊啊啊啊啊啊啊啊啊啊啊啊啊啊啊啊啊啊啊啊啊啊啊啊啊啊啊啊啊啊啊啊啊啊啊啊啊啊啊啊啊啊啊啊啊啊啊啊啊啊啊啊啊啊啊啊啊啊啊啊啊啊啊啊啊啊啊啊啊啊啊啊啊啊啊啊啊啊啊啊啊啊啊啊啊啊啊啊啊啊啊啊啊啊啊啊啊啊啊啊啊啊啊啊啊啊啊啊啊啊啊啊啊啊啊啊啊啊啊啊啊啊啊啊啊啊啊啊啊啊啊啊啊啊啊啊啊啊啊啊啊啊啊啊啊啊啊啊啊啊啊啊啊啊啊啊啊啊啊啊啊啊啊啊啊啊啊啊啊啊啊啊啊啊啊啊啊啊啊啊啊啊啊啊啊啊啊啊啊啊啊啊啊啊啊啊啊啊啊啊啊啊啊啊啊啊啊啊啊啊啊啊啊啊啊啊', '<p>啊啊啊啊啊啊啊啊啊啊啊啊啊啊啊啊啊啊啊啊啊啊啊啊啊啊啊啊啊啊啊啊啊啊啊啊啊啊啊啊啊啊啊啊啊啊啊啊啊啊啊啊啊啊啊啊啊啊啊啊啊啊啊啊啊啊啊啊啊啊啊啊啊啊啊啊啊啊啊啊啊啊啊啊啊啊啊啊啊啊啊啊啊啊啊啊啊啊啊啊啊啊啊啊啊啊啊啊啊啊啊啊啊啊啊啊啊啊啊啊啊啊啊啊啊啊啊啊啊啊啊啊啊啊啊啊啊啊啊啊啊啊啊啊啊啊啊啊啊啊啊啊啊啊啊啊啊啊啊啊啊啊啊啊啊啊啊啊啊啊啊啊啊啊啊啊啊啊啊啊啊啊啊啊啊啊啊啊啊啊啊啊啊啊啊啊啊啊啊啊啊啊啊啊啊啊啊啊啊啊啊啊啊啊啊啊啊啊啊啊啊啊啊啊啊啊啊啊啊啊啊啊啊啊啊啊啊啊啊啊啊啊啊啊啊啊啊啊啊啊啊啊啊啊啊啊啊啊啊啊啊啊啊啊啊啊啊啊啊啊啊啊啊啊啊啊啊啊啊啊啊啊啊啊啊啊啊啊啊啊啊啊啊啊啊啊啊啊啊啊啊啊啊啊啊啊啊啊啊啊啊啊啊啊啊啊啊啊啊啊啊啊啊啊啊啊啊啊啊啊啊啊啊啊啊啊啊啊啊啊啊啊啊啊啊啊啊啊啊啊啊啊啊啊啊啊啊啊啊啊啊啊啊啊啊啊啊啊啊啊啊啊啊啊啊啊啊啊啊啊啊啊啊啊啊啊啊啊啊啊啊啊啊啊啊啊啊啊啊啊啊啊啊啊啊啊啊啊啊啊啊啊啊啊啊啊啊啊啊啊啊啊啊啊啊啊啊啊啊啊啊啊啊啊啊啊啊啊啊啊啊啊啊啊啊啊啊啊啊啊啊啊啊啊啊啊啊啊啊啊啊啊啊啊啊啊啊啊啊啊啊啊啊啊啊啊啊啊啊啊啊啊啊啊啊啊啊啊啊啊啊啊啊啊啊啊啊啊啊啊啊啊啊啊啊啊啊啊啊啊啊啊啊啊啊啊啊啊啊啊啊啊啊啊啊啊啊啊啊啊啊啊</p>\n', '啊啊啊啊啊啊啊啊啊啊啊啊啊啊啊啊啊啊啊啊啊啊啊啊啊啊啊啊啊啊啊啊啊啊啊啊啊啊啊啊啊啊啊啊啊啊啊啊啊啊', '58', '7', '2017-12-24 22:32:20', '2017-12-24 22:32:20', '1', '3');

-- ----------------------------
-- Table structure for article_tags
-- ----------------------------
DROP TABLE IF EXISTS `article_tags`;
CREATE TABLE `article_tags` (
  `id` int(11) NOT NULL AUTO_INCREMENT,
  `aid` int(11) DEFAULT NULL,
  `tid` int(11) DEFAULT NULL,
  PRIMARY KEY (`id`),
  KEY `tid` (`tid`),
  KEY `article_tags_ibfk_1` (`aid`),
  CONSTRAINT `article_tags_ibfk_1` FOREIGN KEY (`aid`) REFERENCES `article` (`id`) ON DELETE CASCADE,
  CONSTRAINT `article_tags_ibfk_2` FOREIGN KEY (`tid`) REFERENCES `tags` (`id`)
) ENGINE=InnoDB AUTO_INCREMENT=52 DEFAULT CHARSET=utf8;

-- ----------------------------
-- Records of article_tags
-- ----------------------------
INSERT INTO `article_tags` VALUES ('26', '116', '42');
INSERT INTO `article_tags` VALUES ('27', '116', '44');
INSERT INTO `article_tags` VALUES ('28', '116', '35');
INSERT INTO `article_tags` VALUES ('29', '118', '45');
INSERT INTO `article_tags` VALUES ('32', '119', '40');
INSERT INTO `article_tags` VALUES ('33', '119', '41');
INSERT INTO `article_tags` VALUES ('36', '109', '35');
INSERT INTO `article_tags` VALUES ('37', '109', '50');
INSERT INTO `article_tags` VALUES ('38', '109', '51');
INSERT INTO `article_tags` VALUES ('39', '110', '36');
INSERT INTO `article_tags` VALUES ('48', '108', '33');
INSERT INTO `article_tags` VALUES ('49', '108', '34');
INSERT INTO `article_tags` VALUES ('50', '120', '66');
INSERT INTO `article_tags` VALUES ('51', '120', '65');

-- ----------------------------
-- Table structure for category
-- ----------------------------
DROP TABLE IF EXISTS `category`;
CREATE TABLE `category` (
  `id` int(11) NOT NULL AUTO_INCREMENT,
  `cateName` varchar(64) DEFAULT NULL,
  `date` date DEFAULT NULL,
  PRIMARY KEY (`id`)
) ENGINE=InnoDB AUTO_INCREMENT=65 DEFAULT CHARSET=utf8;

-- ----------------------------
-- Records of category
-- ----------------------------
INSERT INTO `category` VALUES ('56', 'Vue22', '2017-12-21');
INSERT INTO `category` VALUES ('58', '人生感悟', '2017-12-21');
INSERT INTO `category` VALUES ('60', 'JavaEE', '2017-12-21');
INSERT INTO `category` VALUES ('61', 'Git', '2017-12-21');
INSERT INTO `category` VALUES ('62', 'Linux', '2017-12-21');
INSERT INTO `category` VALUES ('64', 'MongoDB', '2017-12-23');

-- ----------------------------
-- Table structure for comments
-- ----------------------------
DROP TABLE IF EXISTS `comments`;
CREATE TABLE `comments` (
  `id` int(11) NOT NULL AUTO_INCREMENT,
  `aid` int(11) DEFAULT NULL,
  `content` text,
  `publishDate` datetime DEFAULT NULL,
  `parentId` int(11) DEFAULT NULL COMMENT '-1表示正常回復，其他值表示是評論的回復',
  `uid` int(11) DEFAULT NULL,
  PRIMARY KEY (`id`),
  KEY `aid` (`aid`),
  KEY `uid` (`uid`),
  KEY `parentId` (`parentId`),
  CONSTRAINT `comments_ibfk_1` FOREIGN KEY (`aid`) REFERENCES `article` (`id`),
  CONSTRAINT `comments_ibfk_2` FOREIGN KEY (`uid`) REFERENCES `user` (`id`),
  CONSTRAINT `comments_ibfk_3` FOREIGN KEY (`parentId`) REFERENCES `comments` (`id`)
) ENGINE=InnoDB DEFAULT CHARSET=utf8;

-- ----------------------------
-- Records of comments
-- ----------------------------

-- ----------------------------
-- Table structure for pv
-- ----------------------------
DROP TABLE IF EXISTS `pv`;
CREATE TABLE `pv` (
  `id` int(11) NOT NULL AUTO_INCREMENT,
  `countDate` date DEFAULT NULL,
  `pv` int(11) DEFAULT NULL,
  `uid` int(11) DEFAULT NULL,
  PRIMARY KEY (`id`),
  KEY `pv_ibfk_1` (`uid`),
  CONSTRAINT `pv_ibfk_1` FOREIGN KEY (`uid`) REFERENCES `user` (`id`) ON DELETE CASCADE
) ENGINE=InnoDB AUTO_INCREMENT=28 DEFAULT CHARSET=utf8;

-- ----------------------------
-- Records of pv
-- ----------------------------
INSERT INTO `pv` VALUES ('1', '2017-12-24', '20', '6');
INSERT INTO `pv` VALUES ('2', '2017-12-24', '14', '7');
INSERT INTO `pv` VALUES ('4', '2017-12-25', '40', '6');
INSERT INTO `pv` VALUES ('5', '2017-12-25', '23', '7');
INSERT INTO `pv` VALUES ('6', '2017-12-26', '11', '6');
INSERT INTO `pv` VALUES ('7', '2017-12-26', '32', '7');
INSERT INTO `pv` VALUES ('26', '2017-12-23', '2', '6');
INSERT INTO `pv` VALUES ('27', '2017-12-23', '77', '7');

-- ----------------------------
-- Table structure for roles
-- ----------------------------
DROP TABLE IF EXISTS `roles`;
CREATE TABLE `roles` (
  `id` int(11) NOT NULL AUTO_INCREMENT,
  `name` varchar(32) DEFAULT NULL,
  PRIMARY KEY (`id`)
) ENGINE=InnoDB AUTO_INCREMENT=6 DEFAULT CHARSET=utf8;

-- ----------------------------
-- Records of roles
-- ----------------------------
INSERT INTO `roles` VALUES ('1', '超級管理員');
INSERT INTO `roles` VALUES ('2', '普通用戶');
INSERT INTO `roles` VALUES ('3', '測試角色1');
INSERT INTO `roles` VALUES ('4', '測試角色2');
INSERT INTO `roles` VALUES ('5', '測試角色3');

-- ----------------------------
-- Table structure for roles_user
-- ----------------------------
DROP TABLE IF EXISTS `roles_user`;
CREATE TABLE `roles_user` (
  `id` int(11) NOT NULL AUTO_INCREMENT,
  `rid` int(11) DEFAULT '2',
  `uid` int(11) DEFAULT NULL,
  PRIMARY KEY (`id`),
  KEY `rid` (`rid`),
  KEY `roles_user_ibfk_2` (`uid`),
  CONSTRAINT `roles_user_ibfk_1` FOREIGN KEY (`rid`) REFERENCES `roles` (`id`),
  CONSTRAINT `roles_user_ibfk_2` FOREIGN KEY (`uid`) REFERENCES `user` (`id`) ON DELETE CASCADE
) ENGINE=InnoDB AUTO_INCREMENT=131 DEFAULT CHARSET=utf8;

-- ----------------------------
-- Records of roles_user
-- ----------------------------
INSERT INTO `roles_user` VALUES ('8', '2', '7');
INSERT INTO `roles_user` VALUES ('9', '1', '7');
INSERT INTO `roles_user` VALUES ('17', '5', '7');
INSERT INTO `roles_user` VALUES ('106', '2', '14');
INSERT INTO `roles_user` VALUES ('108', '2', '16');
INSERT INTO `roles_user` VALUES ('109', '2', '17');
INSERT INTO `roles_user` VALUES ('110', '2', '18');
INSERT INTO `roles_user` VALUES ('111', '2', '19');
INSERT INTO `roles_user` VALUES ('112', '2', '20');
INSERT INTO `roles_user` VALUES ('119', '2', '15');
INSERT INTO `roles_user` VALUES ('120', '5', '15');
INSERT INTO `roles_user` VALUES ('121', '2', '6');
INSERT INTO `roles_user` VALUES ('123', '2', '13');
INSERT INTO `roles_user` VALUES ('124', '3', '13');
INSERT INTO `roles_user` VALUES ('128', '2', '10');
INSERT INTO `roles_user` VALUES ('129', '5', '10');
INSERT INTO `roles_user` VALUES ('130', '1', '6');

-- ----------------------------
-- Table structure for tags
-- ----------------------------
DROP TABLE IF EXISTS `tags`;
CREATE TABLE `tags` (
  `id` int(11) NOT NULL AUTO_INCREMENT,
  `tagName` varchar(32) DEFAULT NULL,
  PRIMARY KEY (`id`),
  UNIQUE KEY `tagName` (`tagName`)
) ENGINE=InnoDB AUTO_INCREMENT=67 DEFAULT CHARSET=utf8;

-- ----------------------------
-- Records of tags
-- ----------------------------
INSERT INTO `tags` VALUES ('66', '666');
INSERT INTO `tags` VALUES ('35', 'Ajax');
INSERT INTO `tags` VALUES ('36', 'Dubbo');
INSERT INTO `tags` VALUES ('40', 'git');
INSERT INTO `tags` VALUES ('33', 'Linux');
INSERT INTO `tags` VALUES ('45', 'mongodb');
INSERT INTO `tags` VALUES ('42', 'spring');
INSERT INTO `tags` VALUES ('44', 'SpringSecurity');
INSERT INTO `tags` VALUES ('37', 'websocket');
INSERT INTO `tags` VALUES ('34', 'Zookeeper');
INSERT INTO `tags` VALUES ('50', '圖片上傳');
INSERT INTO `tags` VALUES ('51', '圖片預覽');
INSERT INTO `tags` VALUES ('41', '學習資料');
INSERT INTO `tags` VALUES ('65', '雜談');

-- ----------------------------
-- Table structure for user
-- ----------------------------
DROP TABLE IF EXISTS `user`;
CREATE TABLE `user` (
  `id` int(11) NOT NULL AUTO_INCREMENT,
  `username` varchar(64) DEFAULT NULL,
  `nickname` varchar(64) DEFAULT NULL,
  `password` varchar(255) DEFAULT NULL,
  `enabled` tinyint(1) DEFAULT '1',
  `email` varchar(64) DEFAULT NULL,
  `userface` varchar(255) DEFAULT NULL,
  `regTime` datetime DEFAULT NULL,
  PRIMARY KEY (`id`)
) ENGINE=InnoDB AUTO_INCREMENT=21 DEFAULT CHARSET=utf8;

-- ----------------------------
-- Records of user
-- ----------------------------
INSERT INTO `user` VALUES ('6', 'linghu', '令狐蔥', '202cb962ac59075b964b07152d234b70', '1', 'linghu@qq.com', 'https://timgsa.baidu.com/timg?image&quality=80&size=b9999_10000&sec=1514093920326&di=44a6fa6b597d86f475c2b15fa93008dd&imgtype=0&src=http%3A%2F%2Fwww.qqzhi.com%2Fuploadpic%2F2015-01-12%2F023019564.jpg', '2017-12-08 09:30:22');
INSERT INTO `user` VALUES ('7', 'sang', '江南一點雨', '202cb962ac59075b964b07152d234b70', '1', 'sang123@qq.com', 'https://timgsa.baidu.com/timg?image&quality=80&size=b9999_10000&sec=1514093920321&di=913e88c23f382933ef430024afd9128a&imgtype=0&src=http%3A%2F%2Fp.3761.com%2Fpic%2F9771429316733.jpg', '2017-12-21 13:30:29');
INSERT INTO `user` VALUES ('10', 'qiaofeng', '喬峰', '202cb962ac59075b964b07152d234b70', '1', 'qiaofeng@qq.com', 'https://timgsa.baidu.com/timg?image&quality=80&size=b9999_10000&sec=1514093920321&di=913e88c23f382933ef430024afd9128a&imgtype=0&src=http%3A%2F%2Fp.3761.com%2Fpic%2F9771429316733.jpg', '2017-12-24 06:30:46');
INSERT INTO `user` VALUES ('13', 'duanzhengchun', '段正淳', '202cb962ac59075b964b07152d234b70', '0', 'duanzhengchun@qq.com', 'https://timgsa.baidu.com/timg?image&quality=80&size=b9999_10000&sec=1514093920321&di=913e88c23f382933ef430024afd9128a&imgtype=0&src=http%3A%2F%2Fp.3761.com%2Fpic%2F9771429316733.jpg', '2017-12-24 06:30:46');
INSERT INTO `user` VALUES ('14', 'chenjialuo', '陳家洛', '202cb962ac59075b964b07152d234b70', '0', 'chenjialuo@qq.com', 'https://timgsa.baidu.com/timg?image&quality=80&size=b9999_10000&sec=1514093920321&di=913e88c23f382933ef430024afd9128a&imgtype=0&src=http%3A%2F%2Fp.3761.com%2Fpic%2F9771429316733.jpg', '2017-12-24 06:30:46');
INSERT INTO `user` VALUES ('15', 'yuanchengzhi', '袁承志', '202cb962ac59075b964b07152d234b70', '1', 'yuanchengzhi@qq.com', 'https://timgsa.baidu.com/timg?image&quality=80&size=b9999_10000&sec=1514093920321&di=913e88c23f382933ef430024afd9128a&imgtype=0&src=http%3A%2F%2Fp.3761.com%2Fpic%2F9771429316733.jpg', '2017-12-24 06:30:46');
INSERT INTO `user` VALUES ('16', 'chuliuxiang', '楚留香', '202cb962ac59075b964b07152d234b70', '1', 'chuliuxiang@qq.com', 'https://timgsa.baidu.com/timg?image&quality=80&size=b9999_10000&sec=1514093920321&di=913e88c23f382933ef430024afd9128a&imgtype=0&src=http%3A%2F%2Fp.3761.com%2Fpic%2F9771429316733.jpg', '2017-12-24 06:30:46');
INSERT INTO `user` VALUES ('17', 'baizhantang', '白展堂', '202cb962ac59075b964b07152d234b70', '0', 'baizhantang@qq.com', 'https://timgsa.baidu.com/timg?image&quality=80&size=b9999_10000&sec=1514093920321&di=913e88c23f382933ef430024afd9128a&imgtype=0&src=http%3A%2F%2Fp.3761.com%2Fpic%2F9771429316733.jpg', '2017-12-24 06:30:46');
INSERT INTO `user` VALUES ('18', 'renwoxing', '任我行', '202cb962ac59075b964b07152d234b70', '1', 'renwoxing@qq.com', 'https://timgsa.baidu.com/timg?image&quality=80&size=b9999_10000&sec=1514093920321&di=913e88c23f382933ef430024afd9128a&imgtype=0&src=http%3A%2F%2Fp.3761.com%2Fpic%2F9771429316733.jpg', '2017-12-24 06:30:46');
INSERT INTO `user` VALUES ('19', 'zuolengchan', '左冷禪', '202cb962ac59075b964b07152d234b70', '1', 'zuolengchan@qq.com', 'https://timgsa.baidu.com/timg?image&quality=80&size=b9999_10000&sec=1514093920321&di=913e88c23f382933ef430024afd9128a&imgtype=0&src=http%3A%2F%2Fp.3761.com%2Fpic%2F9771429316733.jpg', '2017-12-24 06:30:46');
INSERT INTO `user` VALUES ('20', 'fengqingyang', '風清揚', '202cb962ac59075b964b07152d234b70', '1', 'fengqingyang@qq.com', 'https://timgsa.baidu.com/timg?image&quality=80&size=b9999_10000&sec=1514093920321&di=913e88c23f382933ef430024afd9128a&imgtype=0&src=http%3A%2F%2Fp.3761.com%2Fpic%2F9771429316733.jpg', '2017-12-24 06:30:46');

-- ----------------------------
-- View structure for pvview
-- ----------------------------
DROP VIEW IF EXISTS `pvview`;
CREATE ALGORITHM=UNDEFINED DEFINER=`root`@`localhost`  VIEW `pvview` AS select sum(pv) as pv,uid from pv group by uid ;

-- ----------------------------
-- View structure for totalpvview
-- ----------------------------
DROP VIEW IF EXISTS `totalpvview`;
CREATE ALGORITHM=UNDEFINED DEFINER=`root`@`localhost`  VIEW `totalpvview` AS select sum(pageView) as totalPv,uid from article a group by uid ;
SET FOREIGN_KEY_CHECKS=1;
